program_id;tx_count;success_count;total_fees_sol;priority_fees_sol;total_cu;avg_cu_consumed;median_fee_per_cu;p25_fee_per_cu;p75_fee_per_cu;avg_fee_per_cu_lamports
ComputeBudget111111111111111111111111111111;1914475057;1914475057;122051.4779;122051.4779;134778194734818;70400;0.2129;0.0732;2.6671;15.7268
11111111111111111111111111111111;315269508;315269508;46877.5982;46877.5982;8733877489507;27703;6.9061;0.794;14.1527;13.9337
ATokenGPvbdGVxr1b2hvZbsiqW5xWH25efTNsLJA8knL;113183335;113183335;1045.8619;1045.8619;13841950247314;122297;0.0531;0.044;0.0834;0.102
9H6tua7jkLhdm3w8BvgpTn5LZNU7g4ZynDmCiNN3q6Rp;186002415;186002415;994.1779;994.1779;88474493949;476;10.3644;10.3018;11.3364;11.3733
jesterKqzZ7hWfNLnUDeB8WtMrm7a44g2vSyhs7WmyT;86214;86214;557.3065;557.3065;14129139167;163885;0.5674;0.1398;6.4056;38.0291
BiSoNHVpsVZW2F7rx2eQ59yQwKxzU5NvBcmKshCSUypi;60975487;60975487;512.7436;512.7436;30835056712;506;11.7663;10.6912;13.9725;17.9098
StenDH7EmnXdcniwsXgTWtN1ogfQksZ1C5UGBr7dNBG;86599;86599;399.4843;399.4843;13141687433;151753;0.2933;0.0755;4.419;27.8433
TokenkegQfeZyiNwAJbNbGKPFXCWuBvf9Ss623VQ5DA;30444901;30444901;364.1707;364.1707;342558675568;11252;0.6601;0.6601;0.9856;1.5124
9i7QdbBHx7fjLAAaFfcDRgkdS4oNfKv8duzyE27a1kJ6;5876;5876;118.2912;118.2912;885117247;150633;0.0443;0.0315;66.6676;121.3334
TokenzQdBNbLqP5VEhdkAS6EPFLC1PHnBqCXEpPxuEb;7620279;7620279;79.6604;79.6604;100329524251;13166;1.095;0.3294;3.1064;1.8707
6EF8rrecthR5Dkzon8Nwu78hRvfCKubJ14M5uBEwF6P;3221293;3221293;77.2623;77.2623;253082530784;78566;0.1021;0.0916;0.1758;0.4132
Ed25519SigVerify111111111111111111111111111;5998576;5998576;62.3636;62.3636;96525203417;16091;0.9193;0.9193;0.9193;0.8715
pAMMBay6oceH9fJKBRHGP5D4bD4sWpmSwMn52FMfXEA;2116761;2116761;59.5782;59.5782;221483875294;104633;0.0503;0.0459;0.0554;0.2985
MemoSq4gqABAXKb96qnH8TysNcWxMyWCqXgDLGmfcHr;1667006;1667006;53.2528;53.2528;107129368879;64265;0.159;0.068;0.2738;0.6851
King7ki4SKMBPb3iupnQwTyjsq294jaXsgLmJo8cb7T;197364;197364;49.0618;49.0618;21426742971;108565;0.0511;0.0298;2.7088;2.5052
4pjbtQCpaXFrmT7wcfuCQnAWLCUhRuK9CKQyvou1F5xo;1831167;1831167;36.6233;36.6233;285549967752;155939;0.1511;0.1007;0.168;0.137
routeUGWgWzqBWFcrCfv8tritsqukccJPu3q5GPP3xS;1092415;1092415;35.5505;35.5505;137406356090;125782;0.1345;0.1053;0.1964;0.2925
BPFLoaderUpgradeab1e11111111111111111111111;6610618;6610618;34.0641;34.0641;16380236070;2478;2.1097;1.9017;2.1097;2.0852
KLend2g3cP87fffoy8q1mQqGKjrxjC8boSyAYavgmjD;118972;118972;33.3138;33.3138;17616734084;148075;0.1191;0.072;0.2344;0.7693
BGUMAp9Gq7iTEuizy4pqaxsTyUCBK68MDfK752saRPUY;4718162;4718162;31.8328;31.8328;363324633954;77006;0.0909;0.068;0.1094;0.0975
KeccakSecp256k11111111111111111111111111111;1163157;1163157;28.275;28.275;38163347084;32810;0.7528;0.7155;0.7656;0.8391
DT3X9y2w3S13M4GiQNbMtsrYeA9eEZpLg6frM4V28at5;1122235;1122235;22.3206;22.3206;9214697787;8211;2.4093;2.4093;2.4155;2.423
675kPX9MHTjS2zt1qfr1NYHuzeLXfQM9H24wFSUt1Mp8;298547;298547;18.2095;18.2095;8636917163;28930;0.1778;0.1778;0.1782;2.0893
FtyzXdj1NRexpX3WJqxs4qaqo2S2LehiRPyPY9hWDarn;611085;611085;17.1701;17.1701;12509458768;20471;0.6147;0.4386;1.0509;1.5156
Bgo4vNe3vxRv37j8mmQarJo8vbjHEKgkhJDZzxiizBid;28287;28287;16.871;16.871;4233019590;149645;3.5184;3.0313;4.804;3.9834
JUP6LkbZbjS1jKKwapdHNy74zcZ3tLUZoi5QNyVTaV4;721404;721404;15.0176;15.0176;149913354224;207808;0.0256;0.0191;0.0376;0.0894
MEXkeo4BPUCZuEJ4idUUwMPu4qvc9nkqtLn3yAyZLxg;237972;237972;14.3796;14.3796;25454116064;106963;0.2925;0.2875;0.3154;0.5175
Ceu4aCcSV624aRGUoWt2pPd5YuLZM4gyos7kyrPrpGG1;2540832;2540832;13.8483;13.8483;200278622169;78824;0.0767;0.0583;0.1461;0.0991
phDEVv4w6BcfkLrLNeXr8HhhgQxnxziVGXpGPcaadMf;2636880;2636880;13.1848;13.1848;727231482525;275792;0.0146;0.0129;0.1328;0.6181
LiMoM9rMhrdYrfzUCxQppvxCSG1FcrUK9G8uLq4A1GF;10216;10216;11.9316;11.9316;4207464011;411850;2.5022;0.9355;4.8764;2.7999
HFn8GnPADiny6XqUoWE8uRPPxb29ikn4yTuPa9MF2fWJ;85577;85577;10.6136;10.6136;20414365005;238550;0.1339;0.068;0.2997;0.6168
D4aBeFn9DBhU41kFNvr9kVKRuBy858ATxwTevmJCCJYL;1013234;1013234;10.1895;10.1895;3535575749;3489;3.1299;3.127;3.135;3.1276
HDwcJBJXjL9FpJ7UBsYBtaDjsBUhuLCUYoz3zr8SWWaQ;636966;636966;9.2351;9.2351;249707946430;392027;0.0127;0.0126;0.0258;0.1256
9VX8EKBg6vM6tA68xaDsPkbrx26XConZjkQmhVApUptc;1596954;1596954;9.1024;9.1024;849631004;532;10.4738;10.4697;11.2288;10.7467
T1pyyaTNZsKv2WcRAB8oVnk93mLJw2XzjtVYqCsaHqt;1726690;1726690;8.6435;8.6435;101207529436;58614;0.0852;0.0849;0.0852;0.0855
brzp8fNvHCBRi8UcCnTQUgQ2bQ4JnJTJtCvPzpKf2ty;15075;15075;8.5693;8.5693;3660888100;242845;1.1876;0.0309;3.0138;2.2331
MFv2hWf31Z9kbCa1snEPYctwafyhdvnV7FZnsebVacA;43945;43945;7.7201;7.7201;17674578934;402198;0.1877;0.1113;0.566;0.4769
FLASHX8DrLbgeR8FcfNV1F5krxYcYMUdBkrP1EPBtxB9;1525302;1525302;7.6265;7.6265;137221971100;89964;0.0565;0.0433;0.0812;0.0615
8jaLKWLJAj5jVCZbxpe3zRUvLB3LD48MRtaQ2AjfCfxa;1443244;1443244;7.219;7.219;109440646266;75830;0.0661;0.0597;0.0735;0.0739
45fCmmKfFjZ1bYu7zHyUPYsfPauQAD1RVinUmBp8DbSb;228331;228331;6.99;6.99;19397679777;84954;0.2934;0.2745;0.324;0.4051
Stake11111111111111111111111111111111111111;46885;46885;6.9612;6.9612;786333558;16772;0.3944;0.354;0.5153;18.1628
SKRskrmtL83pcL4YqLWt6iPefDqwXQWHSw9S9vz94BZ;832232;832232;6.1784;6.1784;30001493293;36049;0.2093;0.2014;0.2129;0.207
EtrnLzgbS7nMMy5fbD42kXiUzGg8XQzJ972Xtk1cjWih;419870;419870;6.0464;6.0464;1555937000;3706;15.625;15.2413;15.625;14.1186
pythWSnswVUd12oZpeFP8e9CVaEqJg25g1Vtc2biRsT;1037273;1037273;5.9098;5.9098;80483125533;77591;0.0555;0.0517;0.1011;0.093
pudgeNoz4YrkpwZr8dYmhkHJz87yRHsJeyxZhQChetj;120157;120157;5.7004;5.7004;19201104469;159800;0.0582;0.0428;0.0789;0.2381
SAGE2HAwep459SNq61LHvjxPk4pLPEJLoMETef7f7EE;1077269;1077269;5.3868;5.3868;127393490590;118256;0.044;0.0303;0.1013;0.0921
vBoNdEvzMrSai7is21XgVYik65mqtaKXuSdMBJ1xkW4;1065005;1065005;5.3783;5.3783;75530329120;70920;0.0702;0.07;0.0705;0.0716
CRSeeBqjDnm3UPefJ9gxrtngTsnQRhEJiTA345Q83X3v;79314;79314;5.3771;5.3771;1417950987;17878;3.0009;2.8663;4.6728;3.7345
7SyiQ664tWYCyWyKDftkfLspE85pJrUR4kJQwb6brYb9;523145;523145;5.3115;5.3115;1313968949;2512;4.1135;4.1135;4.1135;4.0944
LBUZKhRxPF3XUpBCjp4YzTKgLccjZhTSDM9YuVaPwxo;397384;397384;5.0154;5.0154;25400328808;63919;0.4452;0.2572;0.5509;0.4765
PdMDrKEMaX8q7CCJb7NvUCxerBCcsFUa4LjBEynTtEd;802895;802895;4.8174;4.8174;51384124950;63999;0.0946;0.0883;0.099;0.0943
AddressLookupTab1e1111111111111111111111111;761565;761565;4.7174;4.7174;7081356859;9298;0.6503;0.4851;0.7985;0.8225
1avaAUcjccXCjSZzwUvB2gS3DzkkieV2Mw8CjdN65uu;65330;65330;4.2416;4.2416;1208744914;18502;2.6312;2.5906;4.0286;3.6394
sa12qbQyuQqEaDcEqEPKmZEGTdzSMaqj87nKRYbE3QE;581039;581039;4.2175;4.2175;17946667795;30887;0.2609;0.2072;0.2744;0.244
FdDd6eCKiRTUDnQ9o466pDnpcks6kwPCVc1uqcMdScAf;341630;341630;4.1775;4.1775;4350374943;12734;1.0573;0.7439;1.3366;1.0952
GH8Ya8jNnovpKH6r4YUiZGmfmv2t4onak1D4Bng4Vudw;119281;119281;4.1477;4.1477;24194440827;202836;0.1687;0.1649;0.1711;0.1734
FTV1kbDLaeVM4LG4vHrVu2qdt2cXazYTXWWUi1xFAJdK;597345;597345;3.8508;3.8508;64849107166;108562;0.0374;0.0333;0.3518;0.1961
4R3gSG8BpU4t19KYj8CfnbtRpnT8gtk4dvTHxVRwc2r7;726357;726357;3.6318;3.6318;55288474742;76117;0.0639;0.0639;0.0639;0.07
FDF8AxHB8UK7RS6xay6aBvwS3h7kez9gozqz14JyfKsg;16495;16495;3.6315;3.6315;454723601;27567;9.1515;9.1515;9.1525;7.8565
AEyodoBDx5vgvEpWLUbNRMYHrSJ113uW2A8avE3GEB7X;217317;217317;3.6172;3.6172;10188466404;46883;0.1309;0.1199;0.1402;0.4909
G3z6yQqLP1q2JqFqEwND6rTX3vsnzzr3Vv16pMoSdkcx;73358;73358;3.5696;3.5696;835063305;11383;0.4398;0.4396;0.4408;4.1875
cpamdpZCGKUy5JxQXB4dcpGPiikHawvSWAd6mEn1sGG;107507;107507;3.3624;3.3624;8746085566;81354;0.1548;0.0687;0.3499;0.4832
dbcij3LWUppWqq96dh6gJWwBifmcGfLSB5D4DuSMaqN;408407;408407;3.1489;3.1489;36812243550;90136;0.0796;0.0783;0.0848;0.101
jupgfSgfuAXv4B6R2Uxu85Z1qdzgju79s6MfZekN6XS;3325;3325;2.8137;2.8137;1272649507;382752;0.017;0.0119;0.0182;1.7387
nosJhNRqr2bc9g1nfGDcXXTXvYUmxD4cVwy2pMWhrYM;177795;177795;2.6581;2.6581;10696997315;60165;0.2462;0.2378;0.2578;0.252
riptK81hDxhe5pW5jSzSM9iRA8azgEgLJ4dXkPtBS7j;504707;504707;2.5235;2.5235;173604856;344;14.5773;14.5773;14.5773;14.5767
metaqbxxUerdq28cj1RbAWkYQm3ybzjb6a8bt518x1s;203482;203482;2.2994;2.2994;20169122383;99120;0.1021;0.0987;0.114;0.1272
vanshF62ku4jVVdf8DS47SXuJC1rq8qokGSANAomhey;3857;3857;2.2492;2.2492;325771701;84462;0.6922;0.4874;0.7302;3.602
ENicYBBNZQ91toN7ggmTxnDGZW14uv9UkumN7XBGeYJ4;24507;24507;2.1249;2.1249;1843338574;75217;1.2717;0.9514;1.4503;1.214
CPMMoo8L3F4NbTegBCKVNunggL7H1ZpdTHKxQB5qKP1C;113198;113198;2.0815;2.0815;4069676362;35952;0.1415;0.1413;0.1419;0.5066
6m9TTqMk9RoJxNjGMrTeNAmjewMWfmk2gRYubPDE8x6k;141793;141793;2.0743;2.0743;21367093193;150692;0.0848;0.075;0.1113;0.1009
hi5iKPdHrk15joDZcfTio8vw5SnYnvrXQMv2qESCrJj;7867;7867;2.0537;2.0537;1711504839;217555;0.6566;0.2698;1.8843;1.2397
7TAvuPyU7cDMhhfXs1yCDZPEEbPuynd7zVeUtQLjfLmZ;8557;8557;2.0444;2.0444;826279030;96562;1.4662;0.6146;4.4687;3.8602
boreXQWsKpsJz5RR9BMtN8Vk4ndAk23sutj8spWYhwk;406897;406897;2.0345;2.0345;13920227410;34211;0.1862;0.159;0.2013;0.2208
CroWg74XNDF8UMnAZVbXx49iVj7iJ7b4CsqTCVWF7aK;35987;35987;1.9017;1.9017;5544099980;154058;0.206;0.1318;0.4255;0.3634
9m7YMBgQaxYpUwrjLvS6AA3FmGH83qXgifA5aF5VbEue;47207;47207;1.7529;1.7529;6702303863;141977;0.8722;0.2428;0.9308;0.6236
oreV3EG1i9BEgiAJ8b177Z2S2rMarzak4NMv1kULvWv;346741;346741;1.7337;1.7337;2839649579;8190;1.2325;0.6085;1.6322;1.168
SMRTzfY6DfH5ik3TKiyLFfXexV8uSG3d2UksSCYdunG;14145;14145;1.7085;1.7085;491479727;34746;5.5209;1.301;6.1554;4.4711
6WPHMhYD7JLAF1HEtC6Ddkn93ADbGtyC93HUh7wy75m2;300174;300174;1.5009;1.5009;4200671646;13994;0.3701;0.3701;0.3701;0.3675
RangohQxaWip6i1twAAnRVLmob9j88fid7sq2DMAATW;10438;10438;1.4793;1.4793;1979704943;189663;0.1877;0.1221;0.5462;0.6737
EmTX93xYtDE3h7G5EF2m9VRPE1UT1XBoohpVmEzE4oEU;148317;148317;1.457;1.457;1044346462;7041;1.5453;1.4722;3.0904;1.914
idemJL67fKhpev5vKcxHrosuVyTat6wVC9sFfoPVg3Y;144337;144337;1.4434;1.4434;1747940869;12110;0.8246;0.7745;0.8686;0.8351
FLASH6Lo6h3iasJKWDs2F8TkW2UKf3s15C8PMGuVfgBn;75025;75025;1.4088;1.4088;8798542709;117275;0.0674;0.0457;0.112;0.1717
7xiamgXLjjKPsAJMWq7UHCyjJWCgqY4oBXTieqzd8Te1;276228;276228;1.3811;1.3811;27429655272;99301;0.0446;0.0419;0.0539;0.067
F6KwbonKLyLNbD1SfWDwKN3T3BUxK3Pguy3yxWtxo9w9;1246;1246;1.3732;1.3732;163594071;131295;0.0427;0.0367;4.9443;8.4406
SHARKobtfF1bHhxD2eqftjHBdVSCbKo9JtgK71FhELP;41235;41235;1.3317;1.3317;2297420992;55715;0.5663;0.4166;0.7177;0.6663
SBondMDrcV3K4kxZR1HNVT7osZxAHVHgYXL5Ze1oMUv;257850;257850;1.3289;1.3289;7086698959;27484;0.3186;0.1161;0.3235;0.2443
HLCorec4bsTSiyzskDuAqrqD5NXDZeLhdvWqs7wjWRx5;24541;24541;1.2707;1.2707;1591041454;64832;0.7921;0.7106;0.8698;0.807
CoREENxT6tW1HoK8ypY1SxRMZTcVPm7R94rH4PZNhX7d;169357;169357;1.2421;1.2421;2858472139;16878;0.6046;0.4489;0.7475;0.623
CAMMCzo5YL8w4VFF8KVHrK22GGUsp5VTaW7grrKgrWqK;139343;139343;1.2309;1.2309;11023101660;79108;0.0656;0.0639;0.0722;0.1165
7FaMyGiTVdjm8dd3PxpjjCX15ibbmuE1zWVFX2PHxYUK;240385;240385;1.2019;1.2019;9281014380;38609;0.2248;0.0793;0.2718;0.1877
F2rSwpfYCTWiBGmPTkk2zbMMiF6A1wRGjBUB1XxzoGBf;238750;238750;1.1938;1.1938;4360516743;18264;0.2746;0.2729;0.2758;0.2743
FHKBuiohcYB5n636h7UmHahRGU5UCHX8CSb6DNSUqX65;236632;236632;1.1832;1.1832;7327422111;30965;0.1763;0.1617;0.1812;0.1691
6sbWW8qnrXoNXVMcTGLBQJefuaNcJsuqxztXUegHi4Wq;118358;118358;1.1702;1.1702;1089876450;9208;1.1624;0.9431;1.2144;1.2439
FarmsPZpWu9i7Kky8tPN37rs2TpmMrAZrC7S7vJa91Hr;32693;32693;1.1277;1.1277;2955914910;90414;0.1682;0.1394;0.303;0.4243
G77G9wS9JzkzWNGwQjUhRswbA5N8hYKpCK4TZRj9G1Pw;76254;76254;1.0668;1.0668;816969111;10714;3.1008;3.1008;3.1808;2.7066
Memo1UhkJRfHyvLMcVucJwxXeuD728EqVDDwQDxFMNo;204040;204040;1.0418;1.0418;24678016591;120947;0.0349;0.0292;6.2759;2.1116
dRiftyHA39MWEi3m9aunc5MzRF1JYuBsbn6VPcn33UH;201651;201651;1.0182;1.0182;37898112780;187939;0.0308;0.0232;0.0364;0.0395
CRSHdMVmWgRsarrRWnRXWKMxJhLEUheiU6SEhqCLS4Gm;99738;99738;1.0049;1.0049;474698512;4759;2.2682;1.5631;2.9836;2.2729
C7QLEmDz81Usvy2sYa4xZSdA8EwEcYvZo8iuYZMaqXmj;133175;133175;0.9698;0.9698;9264839805;69569;0.0695;0.0586;0.1563;0.2673
ARBTRGgcwmy3VS2W9YaauL7FSMBmB41cJ8EkfWGo8D6c;193432;193432;0.9672;0.9672;40035363980;206974;0.024;0.0205;0.0295;0.026
25uXrrL4p6xd9Uk6jQPiFQoipg4nH48Jk7RNUGEcqbg8;193342;193342;0.9667;0.9667;2537833868;13126;0.3819;0.3788;0.3819;0.3809
Yt3A8KLfo7JEz8RGHw2zbaQE6MVcf9duKmb24dgXbsD;37679;37679;0.9517;0.9517;196992395;5228;6.0109;3.6999;6.0109;5.235
AZipysY3PXDM61RJzdnP4UtWR3tVgM9kGdxXwLbjP41S;28776;28776;0.9394;0.9394;536432762;18642;3.7341;0.4219;3.7436;2.6624
pjwLcQDbzybW1FrHVbvkLzzk836S4TvXmtsqvYWC967;130754;130754;0.9232;0.9232;3036808109;23225;0.4414;0.2502;0.4917;0.3681
APR1MEny25pKupwn72oVqMH4qpDouArsX8zX4VwwfoXD;76366;76366;0.9015;0.9015;10646268657;139411;0.0715;0.0632;0.1297;0.1016
8aquaCPqbpsWvHdpfhTgfBg8eJWqNZKQgyYzzFXCdRkH;175061;175061;0.8755;0.8755;23847160684;136222;0.0408;0.028;0.0578;0.0447
2o5Mab8XFN4BYcfrquLJaPGyNiFbUgwNKYBmRVn4UTqj;174140;174140;0.8708;0.8708;6110729585;35091;0.1514;0.1384;0.1645;0.2756
CCTPmbSD7gX1bxKPAmg77w8oFzNFpaQiQUWD43TKaecd;6670;6670;0.8244;0.8244;1189052845;178269;0.0275;0.0263;0.1464;0.9456
PRPLUgjCUxCEzNPP6x7XJVK1WR5XX28Zu8MEyTqvGjF;162496;162496;0.8125;0.8125;23318140127;143500;0.0347;0.0345;0.035;0.035
vVoLTRjQmtFpiYoegx285Ze4gsLJ8ZxgFKVcuvmG1a8;57080;57080;0.8065;0.8065;11453986717;200665;0.0427;0.0256;0.0561;0.1075
AnCCJjheynmGqPp6Vgat9DTirGKD4CtQzP8cwTYV8qKH;831;831;0.7904;0.7904;98365936;118371;2.6332;0.9067;7.8267;7.9213
worm2ZoG2kUd4vFXhvjh93UUH596ayRfgQ2MgjNMTth;14616;14616;0.7829;0.7829;1185564590;81114;0.0626;0.0593;0.2165;0.7287
2qGyiNeWyZxNdkvWHc2jT5qkCnYa1j1gDLSSUmyoWMh8;152270;152270;0.7614;0.7614;19698010660;129362;0.0483;0.0463;0.0489;0.0619
MYstiCRQrXvJAp3DGUdguaZjn7Zq1kwUYRe2sRK2RFY;149644;149644;0.7482;0.7482;2909285359;19441;0.2572;0.2572;0.2572;0.2572
7wuFcHkbVckS6nMqZ5pg6ykmw5uWTqzvqK1gdb8xGdp4;18429;18429;0.7277;0.7277;1528281158;82928;0.1398;0.1391;0.1431;0.2461
whirLbMiicVdio4qvUfM5KAg6Ct8VwpYzGff3uctyCc;57907;57907;0.6929;0.6929;2452747142;42357;0.1866;0.1252;0.5391;0.3634
CCTPiPYPc6AsJuwueEnWgSgucamXDZwBd53dQ11YiKX3;8828;8828;0.6686;0.6686;554609635;62824;0.2814;0.1794;0.3166;1.2173
n1brh2AaBbnMPEjpoCDFs1fzWb5Pa8FC1o8yXp2fAqM;98695;98695;0.6489;0.6489;6175686409;62573;0.1054;0.0807;0.1358;0.1105
FR1SDyLUj7PrMbtkUCkDrBymk5eWrRmr3UvWFb5Kjbmd;3775;3775;0.6314;0.6314;141869225;37581;5.3234;4.6987;5.5904;4.8215
FL1PkYoxafDzNSHBR48GNnkX54bk6V5YXewiz81ZcWos;125166;125166;0.6258;0.6258;1400442923;11189;0.4195;0.3697;0.6077;0.4695
99vQwtBwYtrqqD9YSXbdum3KBdxPAVxYTaQ3cfnJSrN2;79572;79572;0.6206;0.6206;1651500726;20755;0.3758;0.3194;0.3761;0.4064
Q72w4coozA552keKDdeeh2EyQw32qfMFsHPu6cbatom;124077;124077;0.6204;0.6204;4492210;36;142.8571;142.8571;142.8571;142.8219
wMNFSTkir3HgyZTsB7uqu3i7FA73grFCptPXgrZjksL;112957;112957;0.6181;0.6181;6335085380;56084;0.0874;0.0649;0.2455;0.1698
9KuRi5CasX6XWCK846nhfRQmW32g6uuFdfaBkfxjgMpG;57659;57659;0.5766;0.5766;6554639296;113679;0.0888;0.0837;0.0935;0.0885
SQDS4ep65T869zMMBKyuUq6aD6EgTu8psMjkvj52pCf;90606;90606;0.5379;0.5379;3372097366;37217;0.1954;0.0903;0.5082;0.2889
SpLtnk7AMeg3WC8smGfPw43zFdeNeiYQSiecZM5tPBQ;107154;107154;0.5358;0.5358;868654051;8107;0.6303;0.6303;0.6303;0.6212
CyahQUBnG86tAjrjCefx7gJWfbmvG7YVMooaMmCxDLva;12938;12938;0.5279;0.5279;960097427;74208;0.4374;0.1004;0.9194;0.5638
wormDTUJ6AWPNvk59vGQbDvGJmqbDTdgWgAqcLBCgUb;7824;7824;0.5253;0.5253;843675344;107832;0.0498;0.0466;0.7027;0.6222
DEGNpUs8DhLSdDiU25BAmCQn2U6eN8nMAYwbLb41BPqY;12202;12202;0.5131;0.5131;776276250;63619;0.7738;0.7318;0.8046;0.7853
So1endDq2YkqhipRh3WViPa8hdiSpxWy6z3Z6tMCpAo;1396;1396;0.4814;0.4814;584322221;418569;0.4906;0.3868;0.5624;0.8098
TRDwq3BN4mP3m9KsuNUWSN6QDff93VKGSwE95Jbr9Ss;15988;15988;0.4701;0.4701;1289986854;80685;0.3472;0.29;0.4471;0.4918
3Hm8UuHLTrPFU8tvUYDX8ZkzYRszYbVLEJozTBGsXYDJ;92442;92442;0.4622;0.4622;1311125867;14183;1.1671;0.1411;1.2086;0.818
FsWxHsafrajWKW5YZTT76D8sYCAVfbA4iNoPxNFQqUet;90181;90181;0.4548;0.4548;11824022661;131114;0.0384;0.033;0.0446;0.0405
mineyqqBfrwxpHdgjrp7rKeA3QsnpjtLeYo9bbbzQq3;90401;90401;0.452;0.452;6829673963;75549;0.0517;0.047;0.1273;0.0997
CoqTVH4YViufSd8idZ7WwndUQUDWnTT6yERGjXfjQd52;41215;41215;0.4501;0.4501;6779584759;164493;0.0685;0.06;0.0806;0.0706
Zen8888uiVAni7eYnYVgGpdUujDyrzrzjG4EXRHDZ5q;20494;20494;0.4269;0.4269;1026032391;50065;0.5562;0.2986;0.5594;0.4658
AQZdYsg36tEn8ZJ7RKSSLbUSLoGPBi71TCLruCDepYom;85203;85203;0.426;0.426;5377622920;63115;0.072;0.0687;0.0897;0.0894
DGgwXnCW9ERZoqEbk47Z1Ny7tHmpptFLzBmq9ydua259;84234;84234;0.4212;0.4212;1640336250;19474;0.7384;0.5947;0.9444;0.6984
4TGVS3XzavdmjdEU6axw2Wtzc7iV94HoQo55eHteqrd7;84091;84091;0.4205;0.4205;1872808030;22271;0.2243;0.2239;0.2249;0.2253
5ifgd2hU3y8k1EhuEW2DZRTkFGHCZ3WHsQ1JHL5MCvxZ;82363;82363;0.4118;0.4118;3613209023;43869;0.1162;0.1108;0.1181;0.1142
KvauGMspG5k6rtzrqqn7WNn3oZdyKqLKwK2XWQ8FLjd;37620;37620;0.3986;0.3986;7918590442;210489;0.0712;0.0222;0.1303;0.1314
3AQz4t3ShixZWw5vhvkAindHhMco3s12gxgvGuMeh2Yg;77570;77570;0.3896;0.3896;26988170524;347920;0.0161;0.0106;0.0232;0.0634
MNFSTqtC93rEfYHB6hF82sKdZpUDFWkViLByLd1k1Ms;73655;73655;0.3733;0.3733;2466958705;33493;0.2996;0.2796;0.3062;0.2603
Eo7WjKq67rjJQSZxS6z3YkapzY3eMj6Xy8X5EQVn5UaB;12445;12445;0.3662;0.3662;1199809621;96409;0.2221;0.0469;0.2427;0.3026
zapvX9M3uf5pvy4wRPAbQgdQsM1xmuiFnkfHKPvwMiz;31093;31093;0.3567;0.3567;12770633856;410724;0.0154;0.0102;0.0287;0.034
HbPEwwAbEqbTJ3H8gJc7VYw1VB7ZMTRAm5u1QvQiUk4E;68652;68652;0.3433;0.3433;1485696598;21641;0.2445;0.2253;0.2468;0.233
REFER4ZgmyYx9c6He5XfaTMiGfdLwRnkV4RPp9t9iF3;4675;4675;0.3382;0.3382;151436276;32393;0.1729;0.1644;4.4761;2.0459
7pz2QJ8RV11pKiKGmCFRonqFnz8UEj7ZJrFdKUA5K1Cp;33217;33217;0.3322;0.3322;627194809;18882;0.4971;0.4228;0.7409;0.5776
65VKabrEQy6UDtcrZKmRGpizaZWw3aANKV5XMb3geJng;65736;65736;0.3287;0.3287;2291571785;34860;0.1449;0.1403;0.1498;0.1439
ajXj7hMUguMEwF2oAsQR7wyV54UcqpubHUAvMGKnHDh;63481;63481;0.3283;0.3283;6447073096;101559;0.053;0.0499;0.0552;0.0519
voTpe3tHQ7AjQHMapgSue2HJFAh2cGsdokqN3XqmVSj;41327;41327;0.3201;0.3201;766688897;18552;0.2362;0.2287;0.9039;0.7236
CdqN1SG856NhbZ9EW3RZRkPi7trjHfNx9RKZPUcgqjqf;63915;63915;0.3196;0.3196;1520785654;23794;0.2109;0.2071;0.2128;0.2102
3Wn9MScovnLzVB4B8DxtchiPrX7jSanSgvUqSQfBM3MW;13512;13512;0.3077;0.3077;1092293254;80839;0.1081;0.0558;0.4326;0.2504
5bsFrMYiXMEEkVny2x37J1kK3U6h6RbtYGqxNAAFeSV7;10972;10972;0.3023;0.3023;1682764332;153369;0.0749;0.055;0.1065;0.1868
MevFXXGBgBMbr2c9G6GWE9Vo8qo8GCVed4jn1npP5tG;59618;59618;0.2981;0.2981;8920070122;149620;0.0312;0.0268;0.0385;0.1258
mineWsRs2Rmw2jPMkVbgAbDjV1E23yQ8TEodaX3iza4;58513;58513;0.2926;0.2926;3596031259;61457;0.109;0.0433;0.4231;0.3545
DF6c7dTBdZ9cb59pywKAVwy5NMSXiSfmXzYNwYFPNz9F;1880;1880;0.2747;0.2747;252047661;134068;0.8027;0.3992;1.2563;1.1048
G2E4eoenFMirpFKRfHNo2koDP7mrhnNWVwxyHASSpjQD;484;484;0.2685;0.2685;77546336;160220;1.8919;0.3346;6.2954;3.9401
opnb2LAfJYbRMAHHvqjCwQxanZn7ReEHp1k81EohpZb;8812;8812;0.2662;0.2662;360619501;40924;0.1267;0.1267;0.1284;0.3111
strmRqUCoQUgGUan5YhzUZa6KqdzwX5L6FpUxfmKg5m;50846;50846;0.2552;0.2552;1278878646;25152;0.4429;0.0867;0.535;0.3584
GnsXPmmSVJoUS9dB4m9a3819jpZNY7pS4jVUtCfutTwY;47489;47489;0.2374;0.2374;1399272900;29465;0.1554;0.1316;0.3233;0.2179
JB3iGFeeT1K8mWmdVzypBowsyG28DYTSSvdQgcdTfF7P;46428;46428;0.2321;0.2321;2536583131;54635;0.085;0.0784;0.0918;0.1159
79NiGoTLeZUH5YUVDJmyiqFHwDUJFUxSpFxbQpacx7RZ;33795;33795;0.2289;0.2289;1231315029;36435;0.2499;0.0929;0.3053;0.2788
GovaE4iu227srtG2s3tZzB4RmWBzw8sTwrCLZz7kN7rY;34963;34963;0.2279;0.2279;1217007614;34808;0.1506;0.1444;0.1532;0.1874
L2TExMFKdjpN9kozasaurPirfHy9P8sbXoAN1qA3S95;12279;12279;0.2207;0.2207;1249689647;101775;0.121;0.1124;0.225;0.4578
CWgkFB7ngUc9cGD1LryyhP7h6xYWtwrAjhSKKCoR1gkz;21588;21588;0.2159;0.2159;359252963;16641;0.6044;0.488;0.7922;0.6369
G1gWiF8QpAYsBr55RzPR2QLJ4xesaKv67aZeo9zUrtix;42486;42486;0.2145;0.2145;3569110463;84007;0.0596;0.0585;0.0597;0.0606
ECMijTJd3GQDiS5qtsKcaUZgXNyK6Z99UnDxwtdR9ech;42542;42542;0.2127;0.2127;952940800;22400;0.2232;0.2232;0.2232;0.2232
VisTAPABATtyG5FGQ3twF7Hk6xAi6qBPS5BLuGoSQ3i;28395;28395;0.2113;0.2113;814844570;28697;0.2976;0.2828;0.4153;0.3338
BqYjRiMGYHMfKTwwra7Lg8eMxEKF3oJiTkPEwir1hw3s;41243;41243;0.2062;0.2062;1883883333;45678;0.1275;0.0762;0.1649;0.1281
BhJiMfRrxYXDhm73tL5neTJbWkkyfH6DbR8od2smYtJj;41113;41113;0.2056;0.2056;2667887811;64892;0.0769;0.0766;0.0775;0.0771
jup3YeL8QhtSx1e253b2FDvsMNC87fDrgQZivbrndc9;37708;37708;0.1969;0.1969;3162021400;83855;0.0613;0.0581;0.069;0.065
cardWArqhdV5jeRXXjUti7cHAa4mj41Nj3Apc6RPZH2;7370;7370;0.1952;0.1952;262844358;35664;0.3464;0.2845;1.2754;0.7424
3KHSHFpEK6bsjg3bqcxQ9qssJYtRCMi2S9TYVe4q6CQc;4763;4763;0.1887;0.1887;63281928;13286;2.6608;2.3932;2.8102;2.789
BwRZQcpiqQrQkpfWJDxzcpojPRmTB21FoVQYkcZBBReo;10376;10376;0.1857;0.1857;1885077785;181677;0.0582;0.0246;0.1247;0.1149
G2GMMDKkw3LXXNRNLyLMy3myki3yi7tjdyxbBbGrBqrg;1875;1875;0.1849;0.1849;243337570;129780;0.0864;0.0609;0.619;0.779
HpNfyc2Saw7RKkQd8nEL4khUcuPhQ7WwY1B2qjx8jxFq;15537;15537;0.1836;0.1836;1196405099;77004;0.1711;0.1134;0.1951;0.1566
BzKgd9G8JXPPC91yrYfSQcHfQsgiARwGETH4VQYfGB8p;9407;9407;0.1831;0.1831;1395750132;148374;0.0763;0.0548;0.1093;0.1451
magnaSHyv8zzKJJmr8NSz5JXmtdGDTTFPEADmvNAwbj;2330;2330;0.1824;0.1824;78396454;33647;1.42;1.0422;2.2926;2.314
EhUtRgu9iEbZXXRpEvDj6n1wnQRjMi2SERDo3c6bmN2c;3731;3731;0.1724;0.1724;60526935;16223;12.2547;6.5142;13.7294;9.6178
CfRi7DTfAzDnU3NQzv2zwUksJ7mw98VQUdfErGo6gzMU;34266;34266;0.1714;0.1714;266488638;7777;0.7335;0.5867;0.7958;0.6785
8Ue7UGaqgk9GR3YphyDMe9TX4rdUqsbVXfPcFbzM5LDE;21219;21219;0.1694;0.1694;12117002016;571045;0.0115;0.0082;0.0202;0.0158
HuTkmnrv4zPnArMqpbMbFhfwzTR7xfWQZHH1aQKzDKFZ;32995;32995;0.165;0.165;5860863813;177629;0.0275;0.0264;0.0303;0.0284
oBNKAcrLhfRhYn7QnmjevGAvR7cCs47CAufBSJGhwt3;32930;32930;0.1647;0.1647;988169174;30008;0.3176;0.2194;0.3824;0.2745
gdrpGjVffourzkdDRrQmySw4aTHr8a3xmQzzxSwFD1a;30561;30561;0.1528;0.1528;1059118464;34656;0.1484;0.1373;0.1579;0.1461
4mtdvZoV3bccQzx6HgGG3XYfffxMaTrHRPL8KqnTM243;30092;30092;0.1506;0.1506;211551601;7030;0.7228;0.6565;0.775;0.7164
6xw9f54fZrCFyhRtNBfA9tzuvwzUfe4DUw33JD1uyyfd;29444;29444;0.1472;0.1472;46668740;1585;3.1546;3.1546;3.1546;3.1546
MNRytDTTpyyKbHuUCax5ZP5ZJf2X6iErjuBtS5sn2kc;29196;29196;0.146;0.146;2569013360;87992;0.0695;0.0403;0.0746;0.0626
CCTPV2Sm4AdWt5296sk4P66VBZ7bEhcARwFaaS9YPbeC;1344;1344;0.1449;0.1449;248952722;185233;0.0344;0.0258;1.4827;0.5297
mERKcfxMC5SqJn4Ld4BUris3WKZZ1ojjWJ3A3J5CKxv;28861;28861;0.1443;0.1443;1012599317;35085;0.1462;0.1354;0.1525;0.1436
AeKgrTd7wEmuCbaJAbx22HKamgKdjTp9HujUy1oFd7VG;28818;28818;0.1441;0.1441;493628508;17129;0.2889;0.2652;0.3413;0.2989
5noZYmNbF6Y9btiFijLtacZTdLTNCoZ5yfbPKamHzTqA;28727;28727;0.1436;0.1436;570990551;19876;0.2522;0.2522;0.2522;0.2519
raffKWNrQvz5uhFGY4Dw64sn3hSZZjhC4AMtXmdUFy2;25283;25283;0.1355;0.1355;582942388;23057;0.2271;0.2053;0.2393;0.2313
26DkA98jjctzPkBEteUsN935CR4dsKx3XvjrtE7MeL4a;13273;13273;0.1327;0.1327;317826207;23945;0.4539;0.3307;0.5949;0.455
vaU6kP7iNEGkbmPkLmZfGwiGxd4Mob24QQCie5R9kd2;23587;23587;0.1277;0.1277;563143684;23875;0.2286;0.2286;0.231;0.2417
A85mbYhhsC5X8Qz1hJbt5RfD4uptLtkgkRQGvhgQ8AT7;25467;25467;0.1273;0.1273;300303289;11792;0.424;0.424;0.424;0.424
8kJBErpatzi1AapVvF1AfwspAJ3k611WdQqE48JmVxAv;12485;12485;0.1249;0.1249;1486229329;119041;0.0846;0.0812;0.0874;0.0842
DF1ow4tspfHX9JwWJsAb9epbkA8hmpSEAtxXy1V27QBH;11734;11734;0.1248;0.1248;2688500034;229121;0.0433;0.0381;0.0485;0.0728
LanMV9sAd7wArD4vJFi2qDdfnVhFxYSUg6eADduJ3uj;3267;3267;0.1219;0.1219;499143741;152784;0.0904;0.0488;0.1116;0.4462
CCTPV2vPZJS2u2BBsUoscuikbYjnpFmbFsvVuJdgUMQe;4312;4312;0.1172;0.1172;213492127;49511;0.2125;0.2015;0.5823;0.5433
rateqk9kmMstT8SdVDyiV81Wuv4snjYyBjYoPkGqywK;3153;3153;0.1132;0.1132;289191416;91719;0.389;0.3717;0.4383;0.4191
B98Jqm7nogHiidnrLZZYvSwTtZScqmzmsEZdKtuddMkT;11192;11192;0.1116;0.1116;871412308;77860;0.1402;0.1085;0.1482;0.1348
85iDfUvr3HJyLM2zcq5BXSiDvUWfw6cSE1FfNBo8Ap29;22324;22324;0.1116;0.1116;951391898;42617;0.2348;0.0755;0.2695;0.202
SPoo1Ku8WFXoNDMHPsrGSTSG1Y47rzgn41SLUNakuHy;21970;21970;0.1113;0.1113;1278805441;58207;0.1075;0.0693;0.1278;0.1064
4Wbqb1mAPFfR3oQPfyWJ4vsntNECWXMn8aS7LybkwhWo;21739;21739;0.1089;0.1089;1245163577;57278;0.1776;0.0447;0.213;0.175
22z4B93dSqzBaAkC7GRkihYbW52EpDqHQULWP219W9LR;295;295;0.1077;0.1077;55327861;187552;1.0923;0.2309;3.5557;2.2451
prgmQm7H9AiT1DmRJUeCQigJuCoL3gbzavxy8qLJMuN;20705;20705;0.1035;0.1035;529825411;25589;0.2069;0.1879;0.2118;0.1978
DeJBGdMFa1uynnnKiwrVioatTuHmNLpyFKnmB5kaFdzQ;20555;20555;0.1028;0.1028;600412739;29210;0.1815;0.1716;0.1825;0.1802
Dpe4s2p9FfNPvCkQp58iwVVyAStC7JdRbSYSH1qvDFJY;10100;10100;0.101;0.101;147721148;14626;0.6876;0.6876;0.6876;0.6841
AeDvuJTj2ewCQdPZj7Y26hM89gcUETWaXHRGzcQgDUuz;10006;10006;0.1001;0.1001;99954650;9989;0.898;0.8976;0.9443;1.0814
741nYipMruTkSC2N1F38yXfMWTDywSCAAhddpXmw6KiX;19346;19346;0.0967;0.0967;1577896464;81562;0.0627;0.0572;0.0629;0.0667
2M86GVGn3AHgAX9afQrYeSEETJBs9qmDtxb3f6kEa87H;3605;3605;0.0966;0.0966;625805084;173594;0.0944;0.0726;0.1323;0.1678
8hNZpgaL74ozyYhKeFuipGioaoRRKKvS7oMjFBDATmzf;9589;9589;0.0959;0.0959;208601483;21754;0.5185;0.3685;0.5798;0.4901
DLv3NggMiSaef97YCkew5xKUHDh13tVGZ7tydt3ZeAru;18763;18763;0.0946;0.0946;183805619;9796;0.9181;0.9181;0.9181;0.8968
FCW1uBM3pZ7fQWvEL9sxTe4fNiH41bu9DWX4ErTZ6aMq;2940;2940;0.0936;0.0936;125628089;42731;0.7957;0.7415;0.8095;0.7456
FitAFk15vtx2PBjfr7QTnefaHRx6HwajRiZMt1DdSSKU;4974;4974;0.093;0.093;73779524;14833;0.8748;0.8745;2.7903;1.6354
9ddjzqYhSTMHaBrrKukRXRfy4WzHUPjdX88uPXZ7MXyn;18461;18461;0.0923;0.0923;1211245254;65611;0.0767;0.0741;0.08;0.0765
swigypWHEksbC64pWKwah1WTeh9JXwx8H1rJHLdbQMB;6789;6789;0.0915;0.0915;1029790381;151685;0.0619;0.0616;0.0896;0.1578
3ZZuTbwC6aJbvteyVxXUS7gtFYdf7AuXeitx6VyvjvUp;9147;9147;0.0914;0.0914;88501422;9675;1.1611;0.9596;1.218;1.0697
GKtyK68R4jAVDu9pZrZAdvHq8vo7R51WTRjU5SHt2fMa;8991;8991;0.0893;0.0893;398286074;44298;0.1298;0.1155;0.3923;0.2806
PERPHjGBqRHArX4DySjwM6UJHiR3sWAatqfdBS2qQJu;17857;17857;0.0893;0.0893;2699030370;151147;0.0323;0.0256;0.0433;0.0374
SMPLVC8MxZ5Bf5EfF7PaMiTCxoBAcmkbM2vkrvMK8ho;2789;2789;0.0892;0.0892;78254168;28058;1.2277;1.1157;1.2943;1.1409
FTV2J5PDkJAJynkiDEvX3LXPQ7RTVaHuYGYRDRXoHpXE;17736;17736;0.0887;0.0887;483463637;27259;0.1922;0.1557;0.2135;0.1885
RateFzvQT8Dz2HqDHAQj22ujp8B5kaBm2FUUkSoLgZm;2676;2676;0.0852;0.0852;211264597;78948;0.4508;0.3726;0.4807;0.4567
AtomCf57Gdp49TDf2q6w7ypqEwPEaCCpxbpTdD4RmDQt;16152;16152;0.0808;0.0808;2310569210;143052;0.0344;0.0315;0.0414;0.0375
KeyspM2ssCJbqUhQ4k7sveSiY4WjnYsrXkC8oDbwde5;8036;8036;0.0804;0.0804;96840418;12051;0.9109;0.7542;1.0754;0.8907
8Ynw96G4yZQJ1NUX2ZKYmQkkmgXEAeGfkGrahGnWwtxM;15871;15871;0.0794;0.0794;271291311;17094;0.2939;0.2939;0.2939;0.2928
EXBuYPNgBUXMTsjCbezENRUtFQzjUNZxvPGTd11Pznk5;883;883;0.076;0.076;21674319;24546;6.2698;2.3603;18.6459;10.0404
3Bd9sJ7oUhM3n71CyzFwsFVQW2cnNtLU68aR7kExZT16;11489;11489;0.0753;0.0753;680808423;59257;0.119;0.0482;0.2295;0.1795
9w1D9okTM8xNE7Ntb7LpaAaoLc6LfU9nHFs2h2KTpX1H;14899;14899;0.0745;0.0745;392437161;26340;0.1949;0.1865;0.2006;0.1909
stakevLBn36MxF5qcjXFxChfFDhL9LrLqj4WC3HPpGT;608;608;0.0744;0.0744;18000484;29606;3.9769;2.5841;7.1987;5.013
fUSioN9YKKSa3CUC2YUc4tPkHJ5Y6XW1yz8y6F7qWz9;8377;8377;0.074;0.074;439319014;52443;0.1583;0.149;0.1847;0.17
6yQ7xPWfRhzNJJLMLyRHXFWVNYPaihaJtMgmXBgFyAdx;224;224;0.0737;0.0737;8997203;40166;13.5964;0.1245;15.1922;8.0518
namesLPneVptA9Z5rqUDD9tMTWEJwofgaYwp8cawRkX;14412;14412;0.0729;0.0729;582082262;40389;0.6825;0.0667;1.7007;0.8711
Ccip842gzYHhvdDkSyi2YVCoAWPbYJoApMFzSxQroE9C;155;155;0.0699;0.0699;36252264;233886;0.6191;0.3215;0.6216;1.9179
MashGQTqcKDZAMevJKST9RYqJTL2Ae9NpcSuCE9WYqK;13950;13950;0.0698;0.0698;285514035;20467;0.3528;0.2159;0.756;0.5122
oFrmsC5N3q3h96HW4dwn2LVNREaAXbgqkd45wVPAH8Y;13653;13653;0.0683;0.0683;601871449;44083;0.1152;0.1078;0.1231;0.1143
4fTHVZvo3mp9GvJmgYNtepnd2pJbPwfYuiZ7t6M476Uy;6833;6833;0.0683;0.0683;111269073;16284;0.6305;0.5257;0.8127;0.6676
5iF614oQbNriGr34jXMgKC2TUSxGFoqhYVipbn8awvyr;2449;2449;0.068;0.068;438194793;178928;0.251;0.0702;0.2719;0.2161
3vxKRPwUTiEkeUVyoZ9MXFe1V71sRLbLqu1gRYaWmehQ;955;955;0.0677;0.0677;59003074;61783;3.8112;0.7194;4.1638;2.9937
24Uqj9JCLxUeoC3hGfh5W3s9FM9uCHDS2SG3LYwBpyTi;4521;4521;0.0667;0.0667;266385385;58922;0.0754;0.0706;0.714;0.4212
DKLsYHdYyeeQjyLTUDSRxswMTi1NhUUUWX2wqFHQDXpC;6474;6474;0.0647;0.0647;6898194;1066;9.3896;9.3197;9.4251;9.3856
9KLLchQVJpGkw4jPuUmnvqESdR7mtNCYr3qS4iQLabs;12816;12816;0.0641;0.0641;65738787;5129;1.6863;1.6863;1.6863;1.488
CSgoqaRA4ckXXDZRfS87hCSPsAuST7KSeyx8okT49cM;4146;4146;0.0622;0.0622;77597659;18716;0.851;0.7157;1.0493;0.8335
SAbErai3UvzycbkooTMoQkD3Y7JVr5aEf7tEHBW1AWf;12415;12415;0.0621;0.0621;2131184998;171662;0.0299;0.0245;0.0368;0.0314
XXXXXXHm2pmmxyTeDyzvi4VUXZcLHGwzqvjZhJkbvPf;12389;12389;0.0619;0.0619;521484102;42093;0.122;0.1133;0.1304;0.121
5hdrbhMZ7qhAu4Jk7DriTQfrx4UC58cLnQ7MANKp2CoK;344;344;0.0618;0.0618;11695742;33999;0.2777;0.1288;14.5606;4.529
MAyhSmzXzV1pTf7LsNkrNwkWKTo4ougAJ1PPg47MD4e;12348;12348;0.0617;0.0617;2618249010;212038;0.0232;0.0226;0.0238;0.0247
RouterBmuRBkPUbgEDMtdvTZ75GBdSREZR5uGUxxxpb;12251;12251;0.0613;0.0613;503041330;41061;0.1228;0.118;0.1274;0.1223
progSgjc51c45gZ86VbJY2Msi2mN3KbHQPcLdgrJbsB;6086;6086;0.0609;0.0609;304618414;50052;0.2023;0.1948;0.2083;0.2005
EEEEoTnDmkwqpcxNMg4yoa9QFJpp4NEgzGykzi1cHrM9;6115;6115;0.0608;0.0608;415812184;67999;0.1481;0.145;0.1489;0.1478
GVGCNqUUrix5RLph9kVtzdMYkZLEvzvHEkYvC6vJ9dzZ;12147;12147;0.0607;0.0607;883191563;72709;0.0676;0.0647;0.0704;0.0803
6LtLpnUFNByNXLyCoK9wA2MykKAmQNZKBdY8s47dehDc;1556;1556;0.0606;0.0606;806388448;518245;0.0308;0.0233;0.0698;0.0805
QuaNTM82oyFNjoJCZwCqJiynjndct7tcEntxPuWL1RL;12050;12050;0.0603;0.0603;339916841;28209;0.1704;0.1624;0.1844;0.1806
SpLtDgZYG9gn3UPjSsoBb4sjSbafT9ap9eXFU5UnScC;11961;11961;0.0598;0.0598;501093544;41894;0.1464;0.0736;0.3611;0.2359
TESQvsR4TmYxiroPPQgZpVRoSFG8pru4fsYr67iv6kf;11689;11689;0.0585;0.0585;699945093;59881;0.0787;0.0787;0.0794;0.0892
A1akazamWUPTYbXJyGPXDi27K8RqVXNAZ4g2KzYmw4hq;8313;8313;0.0584;0.0584;1806732782;217338;0.0139;0.0139;1.1018;0.4563
CrUptMreyezRbdHJbeZ5sMJ9idiSuMUJpdchQzY6NFjL;11543;11543;0.0577;0.0577;850595921;73689;0.0686;0.0657;0.0711;0.0681
L6pUpkHtq3CLtJRTrZ9GsBxfweZ8iPS6CnDQMdmcbad;11512;11512;0.0576;0.0576;1663262777;144481;0.0344;0.0316;0.0389;0.0371
962kiGMxNLM6w1ZtozcJGZTWrBvqqQfWFZFCS6vHgKus;1613;1613;0.0564;0.0564;31830438;19734;1.7714;1.7714;1.7714;1.7722
PCKjSaQaZb3AcmjTcb2fcLanh9Mky9ZvuaKqTBxsqWE;5712;5712;0.0562;0.0562;136943558;23975;0.4208;0.3808;0.4693;0.4198
JCFRaPv7852ESRwJJGRy2mysUMydXZgVVhrMLmExvmVp;7326;7326;0.0559;0.0559;141007367;19248;0.4103;0.3765;0.4228;0.4048
G4PZ3qb52qtEqSGnUG6M48qR1mBvqAcn5G1V7tenvTYJ;10943;10943;0.0548;0.0548;158313821;14467;0.8666;0.183;1.4759;0.9021
2K2374VEqxbFJWycxoj8ub2wBk7KwwnNn7M5V7QsL9r2;6586;6586;0.0546;0.0546;501807045;76193;0.0988;0.0891;0.4557;0.2606
ogpTKmVzXDbSEfCr5mq2tq4pfeVHuSEHoRmWAU1fTp8;7434;7434;0.0526;0.0526;398201205;53565;0.1529;0.1236;0.4922;0.2686
2bag6xpshpvPe7SJ9nSDLHpxqhEAoHPGpEkjNSv7gxoF;10302;10302;0.0515;0.0515;56205954;5456;2;0.5076;2.0008;1.4837
T1TANpTeScyeqVzzgNViGDNrkQ6qHz9KrSBS4aNXvGT;358;358;0.0499;0.0499;87853051;245400;0.0771;0.0503;0.1773;1.4
PCFA5iYgmqK6MqPhWNKg7Yv7auX7VZ4Cx7T1eJyrAMH;8021;8021;0.0479;0.0479;281301799;35071;0.1382;0.1323;0.1499;0.1874
B9J9SDcXLBwpRq9JS9q9KJtsaYsermtddMeo9LojTLJQ;9497;9497;0.0475;0.0475;243813038;25673;0.2161;0.1715;0.2311;0.2012
8SDTDjFz1HmP7qzUZE6QaBuUqQ2eHwXabHJQwqDQok48;9468;9468;0.0474;0.0474;480251785;50724;0.1158;0.0785;0.1375;0.1129
3NJyzGWjSHP4hZvsqakodi7jAtbufwd52vn1ek6EzQ35;9156;9156;0.0458;0.0458;272045307;29712;0.2052;0.1147;0.3402;0.222
raTeAJ92EGM17TBENyDNvrsjmhhujvaanXCFKuxF494;991;991;0.0455;0.0455;122238647;123349;0.3706;0.363;0.4074;0.3903
3e4dEo9W7dKa2J2YdG9ymYuVSRn9UHnHXo7XiRtbTgXE;8947;8947;0.0447;0.0447;33264946;3718;1.3448;1.3448;1.3448;1.3448
DSzxC6BtqPfVmMCjNacNasdE6LgWYj1aB6VVoAaPubYL;8824;8824;0.0441;0.0441;117865308;13357;0.3744;0.3743;0.3744;0.3743
TFPfZhKxtEBoz1um1LcnuzYeKKdHiNbCtmXVuVAFcMU;8674;8674;0.0434;0.0434;161759938;18649;0.2719;0.2658;0.3227;0.2935
c1aimAiUfMU2RfJGJopT3FouDcjePWv2uitNHxGheSy;8630;8630;0.0432;0.0432;131540151;15242;0.3468;0.3123;0.358;0.3377
UtyXF479UFC78u1ZV94JtXmnd7njb5FmSYZfFFdP1sT;8566;8566;0.0428;0.0428;41502270;4845;1.032;1.032;1.032;1.032
6QwqgT13oVGhFkMhJwRV6f6nQq52Duy2HqovtiMHaNgs;7947;7947;0.0421;0.0421;168981176;21264;0.2716;0.2669;0.2743;0.2564
ABysS3ZZpCoz3hy7d8HEaQMSBRE9Ykwb3NDBhj6B8FpB;8352;8352;0.0418;0.0418;1027296;123;40.6504;40.6504;40.6504;40.6504
4H9AA9ekBHkh7S5nC9PsVdNcG96a3yeVVjisP6sDHGuo;8218;8218;0.0412;0.0412;2910630;354;14.6433;14.4048;14.6433;14.3187
bidoyoucCtwvPJwmW4W9ysXWeesgvGxEYxkXmoXTaHy;8219;8219;0.0411;0.0411;370787648;45113;0.1145;0.0896;0.1442;0.1368
R6yPssVmTujhhE8QPUnVpmuz8yzQaFkkqQxBuxQX53R;103;103;0.0406;0.0406;7053545;68481;0.0818;0.0708;0.0857;5.9473
pfeeUxB6jkeY1Hxd7CsFCAjcbHA9rWtchMGdZ6VojVZ;6090;6090;0.04;0.04;408490778;67076;0.1814;0.0393;0.3962;0.2077
AAitAzLaqgPoLsEjdb6RaRbBShxPWpyJRHxokc2Zsat8;214;214;0.0389;0.0389;7765193;36286;0.1697;0.1236;14.516;4.7008
GekCNWDH4dMHZ8RWgN4w9KycNfb7AdM5cLe6w4E39Y46;7567;7567;0.0378;0.0378;1224322300;161798;0.0316;0.0269;0.0377;0.0325
BXsPawZ6SgjwAKsDq5ZN39ApU7vphpr2nRvhz1y8P2WL;6547;6547;0.0373;0.0373;225276439;34409;0.2626;0.0999;0.2796;0.2078
BanDz6p8Sy3gzm3r8VUNVGQhR8tzPJFbVgZjzspArU6;7360;7360;0.0368;0.0368;451386761;61330;0.0879;0.0725;0.1083;0.1234
Swap2Ex1jbDx4c2kDVgCrUX3GWCHZsFn4n8vecY5ycf;2741;2741;0.0366;0.0366;874560309;319066;0.022;0.0161;0.0701;0.0426
Ewkv3JahEFRKkcJmpoKB7pXbnUHwjAyXiwEo4ZY2rezQ;4622;4622;0.0363;0.0363;185487858;40132;0.228;0.1936;0.4172;0.2949
rec5EKMGg6MxZYaMdyBfgwp4d5rB9T1VQH5pJv5LtFJ;3889;3889;0.036;0.036;342483084;88065;0.1153;0.0602;2.0383;1.0822
CMACYFENjoBMHzapRXyo1JZkVS6EtaDDzkjMrmQLvr4J;7180;7180;0.0359;0.0359;230581275;32114;0.1889;0.1202;0.1908;0.167
DSTNyVLdoKxTYSjzCQ5191wozVChdVD8qCcFWZwMMX37;7110;7110;0.0356;0.0356;404953098;56955;0.0892;0.0828;0.0951;0.089
6YRZW57XsrT2DxSNLXHHQd4QmiqBode4d6btASkRqcFo;1396;1396;0.0353;0.0353;52908081;37900;0.6675;0.66;0.6709;0.6678
2e4JmcfcGpLgH4wCWzYxnms5DEiMEJeyE2VbpY4HvMVN;3607;3607;0.0348;0.0348;356392233;98806;0.1046;0.0603;0.2026;0.1934
HypvYnf7zWxy1oWsSFpuN4nRDuXNUi88AeEourc7mq4Z;6928;6928;0.0346;0.0346;163866091;23653;0.2114;0.2111;0.2114;0.2118
FXMNBxE9r4o5SxMi8vJrKNp1CNgtwUspHiPrspTPn96P;3403;3403;0.034;0.034;195823640;57544;0.1737;0.1737;0.1737;0.1738
dzrevZC94tBLwuHw1dyynZxaXTWyp7yocsinyEVPtt4;6545;6545;0.0329;0.0329;54168817;8276;0.6898;0.6888;0.6901;0.6747
VybePyKgr1zqnwrvNPunahVE48G7BrBHqP8Ct89L5gC;3243;3243;0.0328;0.0328;114606744;35340;0.2623;0.1266;0.8995;0.6178
noteD9tEFTDH1Jn9B1HbpoC7Zu8L9QXRo7FjZj3PT93;6471;6471;0.0324;0.0324;7026202;1086;7.8616;7.8616;7.8616;7.3498
3SPZe4P7h5Jjn2cuS5WXS2GpnyLHUQPzAxNLXBGuEb3S;6399;6399;0.032;0.032;1065356611;166488;0.03;0.03;0.03;0.03
EMBERpYNE6ehWmXymZZS2skiFmCa9V5dp14e1iduM5qy;6363;6363;0.0318;0.0318;221730542;34847;0.145;0.1443;0.1453;0.1435
BMvZumCsba7rdQZt2b8A2S1RyKgciqekKb4EwGYRUfyh;3140;3140;0.0314;0.0314;207252510;66004;0.1544;0.1447;0.1561;0.1516
6bES2dKy1ee13HQ4uW4ycw4Kw4od9ziZeWMyAxVySYEd;6136;6136;0.0308;0.0308;181090874;29513;0.1653;0.1515;0.2029;0.1761
FmmpibCiLk5s9um96xmZGxFcXn5M7dvdZsduf3v4L4Rg;6098;6098;0.0305;0.0305;130457928;21394;0.2511;0.1971;0.342;0.2652
m72GJdX3FFrx3dJ6gnc4mDNe2a9SpmdsPEsquHP1Hcn;6073;6073;0.0304;0.0304;177697596;29260;0.1711;0.1689;0.1711;0.1771
AMMSgtnttAKx5Ad2Y1socKJ3CcQYCB2ctg8U2SAHcVEx;5910;5910;0.0296;0.0296;309481351;52366;0.0924;0.0924;0.1058;0.0999
Priority6weCZ5HwDn29NxLFpb7TDp2iLZ6XKc5e8d3;5878;5878;0.0294;0.0294;193939132;32994;0.15;0.15;0.15;0.1545
CRhtqXk98ATqo1R8gLg7qcpEMuvoPzqD5GNicPPqLMD;5781;5781;0.0289;0.0289;76030989;13152;0.4078;0.3565;0.4282;0.388
GUAx5MKATvSf9udMT6TvZmomQ6Qyr85ZEdaEazk9kZiv;2970;2970;0.0289;0.0289;34403557;11584;1.0368;1.0355;1.1054;0.9917
MarBmsSgKXdrN1egZf5sqe1TMai9K1rChYNDJgjq7aD;5354;5354;0.0284;0.0284;259578427;48483;0.1184;0.118;0.1311;0.1181
43mTap3FzFV9ks5wEci9QmkFH23BGiiJPXzUyR5Ceot8;3871;3871;0.0283;0.0283;128463412;33186;0.1818;0.1563;0.3089;0.2233
inv1tEtSwRMtM44tbvJGNiTxMvDfPVnX9StyqXfDfks;2127;2127;0.0282;0.0282;32029963;15059;0.8868;0.249;2.1316;1.2411
RSZE1NgJy3zdmyTWPeT4yKbsUrhAwrh4mXBL1rMvHt4;5563;5563;0.0278;0.0278;300841307;54079;0.0953;0.0892;0.0977;0.0931
BLocKecQFEYSaKyfXx9gbwqYnV1GqSD1VQZ1zLqFsSh;5538;5538;0.0277;0.0277;172385695;31128;0.1858;0.1361;0.2388;0.2024
xpo8sHWHkfS6NpVsYwE2t5pTvvdTHSdWUdxh2RtsT1H;5536;5536;0.0277;0.0277;10906606;1970;2.5394;2.5394;2.5394;2.5381
98DUyVx41ogvrJXi7svM8GbcwTgaitNF1pJ1vZZ6hPHS;5145;5145;0.0276;0.0276;391890991;76169;0.0657;0.0657;0.0657;0.0678
BASKT7aKd8n7ibpUbwLP3Wiyxyi3yoiXsxBk4Hpumate;282;282;0.0274;0.0274;34460484;122200;1.3516;0.6325;3.1257;2.2122
raTEMK3K8ahgwLuWUHEvp7aJXjVmcbNgj8XmQVMgt5q;638;638;0.0273;0.0273;72782519;114079;0.3737;0.3698;0.3798;0.3874
6jMi2CRpAA6uah3qzPpCR8SL8MsuAsB9MtCTKkufXkw2;1165;1165;0.0268;0.0268;103731447;89040;0.0544;0.0535;0.0553;0.3408
5e8WewiqFEkSHQojtdCHMuuEQ6K7x3QWax5fpNMiH7KX;3823;3823;0.0265;0.0265;208041785;54418;0.2499;0.0578;0.3429;0.228
RTMBGKx9bkBMtFgRsob8S4fEhbK5MBkrVAuFkcrw8bc;2650;2650;0.0265;0.0265;398173017;150254;0.0665;0.0665;0.0665;0.0666
raTEkEMFeDsvsELyQ5CMk4dS8Yhh3wyXXRL6QESd7p2;822;822;0.0263;0.0263;62793105;76391;0.4569;0.3788;0.4835;0.4684
SLendK7ySfcEzyaFqy93gDnD3RtrpXJcnRwb6zFHJSh;3362;3362;0.0263;0.0263;541304576;161007;0.0756;0.0515;0.1018;0.1242
C984fX81weV2zrfG97Hc6aKHk2YyPr2uZbQdo3GRungW;5220;5220;0.0261;0.0261;162739933;31176;0.1603;0.1603;0.1603;0.1612
RatEqyzDoJW8bAk2dBp9rTZCYykhLxt4P7CDxodKK1L;634;634;0.0258;0.0258;67117300;105863;0.3774;0.3659;0.449;0.4181
Gx4uQRXudq7oacjfCoVMHY1pszPQEGn7BNwmdKX1XTa3;5042;5042;0.0252;0.0252;115177171;22844;0.3172;0.2726;0.3505;0.2869
inscokhJarcjaEs59QbQ7hYjrKz25LEPRfCbP8EmdUp;4918;4918;0.0246;0.0246;133241768;27093;0.2326;0.15;0.2595;0.2109
8VWm29HWNAftJJnGpL7rqVcyShbB1TSZmweaMec7V7no;4798;4798;0.024;0.024;94313108;19657;0.2535;0.2248;0.275;0.2728
zoRabwLGd5zXaV7Gxacppw8tcceXEiTrSKyNLSaSTUc;2348;2348;0.0234;0.0234;405574855;172732;0.0653;0.0556;0.0692;0.0669
DERP2sf1Nak1R7s5HVgQD9WcQM1X9CKh5Ru5PNafAsPg;4556;4556;0.0228;0.0228;723562087;158815;0.0311;0.0273;0.0339;0.0389
AButzjf4rTRL7WerjnruW6Vbvab9iFujcJCsm4E3nwc8;4350;4350;0.0227;0.0227;95242707;21895;0.2389;0.2389;0.2389;0.2389
EMa5knjCt8rrNXvVUiSHLPkrkxHvMNrg2R2HDchRDzDY;4536;4536;0.0227;0.0227;150938970;33276;0.1447;0.1108;0.3036;0.2106
8r2jms1vAnHhtCWxDNSgiHvQNSzzJvGa9oBRCbBPCBNN;2228;2228;0.0223;0.0223;43546372;19545;0.5418;0.4814;0.5885;0.5266
8p6MKtMGGugZMy2HGXtL3uBb11y7xuzXmbMbQgNmWVUQ;4417;4417;0.0222;0.0222;123747895;28016;0.1788;0.1642;0.2001;0.2068
arb1pgEiYNYvJQJwQn8u4PKAnRpJGPSVdAPU5P4KtUX;4414;4414;0.0221;0.0221;101548907;23006;0.3267;0.2729;0.3498;0.3022
AMMJdEiCCa8mdugg6JPF7gFirmmxisTfDJoSNSUi5zDJ;4420;4420;0.0221;0.0221;134501004;30430;0.1666;0.1666;0.1682;0.1661
6k9DQREaFRtefjzMt98tKSVcNUnxLDxma7avzu739q4H;4385;4385;0.0219;0.0219;96616557;22033;0.2281;0.1573;0.5248;0.3103
2LpxztCB9YjLxPwp8XdkYPtEaQBEkB3ejuDbYtHbkEZ8;2173;2173;0.0217;0.0217;53821256;24768;0.4034;0.4034;0.4034;0.4063
HLZs9XgTLYAcb76gXUXuMW5JYugBpvxBSD1m5zarTgS7;4298;4298;0.0215;0.0215;92276370;21470;0.2509;0.1976;0.3419;0.2639
3w1ggZZ4hbi5sfLKSvz3pgh6S6nMQBSBtuzCyFHgnbKi;4237;4237;0.0212;0.0212;107762585;25434;0.1953;0.1135;1.4418;0.5835
CMAGAKJ67e9hRZgfC5SFTbZH8MgEmtqazKXjmkaJjWTJ;2146;2146;0.0212;0.0212;155157007;72301;0.1348;0.1348;0.135;0.1462
unpXTU2Ndrc7WWNyEhQWe4udTzSibLPi25SXv2xbCHQ;2091;2091;0.0209;0.0209;296933826;142006;0.071;0.0702;0.0713;0.0706
PHYSJkZ4KNpK4Lp5pg89xfab5mSer9NxRfr6YzuRdNQ;4176;4176;0.0209;0.0209;656632892;157240;0.0319;0.031;0.0329;0.0319
Vk8So9iUmmJeuWhdDmdGox8xono1UJ7KUPA5vWq7MAA;4155;4155;0.0208;0.0208;1266678816;304857;0.0163;0.016;0.0165;0.0165
GfyUP9mziko4u381SeLBb4D2ijTH4a9ruzBiA2hQAmwr;4125;4125;0.0206;0.0206;86994364;21090;0.25;0.2285;0.2574;0.2448
GovER5Lthms3bLBqWub97yVrMmEogzX7xNjdXpPPCVZw;1292;1292;0.0205;0.0205;58777941;45494;0.4005;0.065;1.1016;0.6151
DbTjBdpz5Mz4QTEm1EyHkyQQ6gsS3btRAvydoE8bZfAx;4092;4092;0.0205;0.0205;162777319;39779;0.1281;0.1211;0.1358;0.1295
DCA265Vj8a9CEuX1eb1LWRnDT7uK6q1xMipnNyatn23M;3435;3435;0.0202;0.0202;322247630;93813;0.05;0.0475;0.0602;0.0663
mnCk3moW6q9UszVev3C9JjtE4YoviXgLwiLCnUy3c4D;3997;3997;0.0201;0.0201;70532163;17646;0.2894;0.2748;0.2902;0.2855
NttMjdaP1RnzrqFMjspEBaqRv7N2X2JTbVmLMSXGHhK;471;471;0.0199;0.0199;37823268;80304;0.0675;0.0631;0.0738;0.5192
srtJ3oQoazxhiiFj6CdEowvkTgUxvn6NQNmJ5VrwkD9;3963;3963;0.0198;0.0198;117402026;29625;0.1802;0.1705;0.1832;0.1767
2BKVtbJPi42KRjGQ6LmNApvHvXo89PW1iwnMgimhQeyP;3944;3944;0.0197;0.0197;495775482;125704;0.037;0.0342;0.0504;0.0422
Ga71KgdYh4vWoRZrmtFbqNVGWGA3njQPS58vV8z8PSdp;3842;3842;0.0192;0.0192;75899489;19755;0.2616;0.2424;0.3228;0.2724
CFjLE5589EiPZvPFiSx7QgktBH8ZTkkGJU2dL7qbJU2a;576;576;0.0191;0.0191;29825177;51780;0.5957;0.5284;0.6845;0.7171
RAkd1EJg45QQHeuXy7JEWBhdNvsd64Z5PbZJWQT96iB;3807;3807;0.019;0.019;27597746;7249;0.8572;0.646;0.8572;0.7602
DDZDcYdQFEMwcu2Mwo75yGFjJ1mUQyyXLWzhZLEVFcei;3688;3688;0.0184;0.0184;134441993;36454;0.142;0.135;0.1427;0.1375
Vote111111111111111111111111111111111111111;2250;2250;0.018;0.018;5337705;2372;4.7535;2.381;4.7619;3.7319
BHMPLPwX2DgxNe9EiyNqMqTfYXtRfaQLpD3USaYnQexp;2167;2167;0.0179;0.0179;144700125;66774;0.268;0.0479;0.4517;0.2652
4TyRczJ6eu2cv34uQQorQhS1m91PcEBMCRonmYZomiUA;3463;3463;0.0175;0.0175;81804036;23622;0.2096;0.2096;0.2101;0.2293
GasB9dNMfXGXysMeTjQnnAnN38RmbrphtH5dkkWnMMvQ;3418;3418;0.0174;0.0174;27444056;8029;0.6469;0.6443;0.6499;0.6383
traderDnaR5w6Tcoi3NFm53i48FTDNbGjBSZwWXDRrg;2964;2964;0.0174;0.0174;187892630;63392;0.093;0.0631;0.1374;0.1002
EKLFRXRLJo1tFnTMdShD1y8nMQcArtxchktBQjVHXPSX;3401;3401;0.017;0.017;44187543;12993;0.5135;0.2794;0.6923;0.4856
BHidyz25KWkNPdTHgeANzMg25MM2KEiNnG4yE5F46XUz;3334;3334;0.0167;0.0167;64374395;19308;0.2594;0.2594;0.2595;0.2598
AgdxtGStJsyCZAZvZChtnTtaK774e3Yf2QWdq8gSfLuc;3341;3341;0.0167;0.0167;195115064;58400;0.1452;0.0467;0.1875;0.1264
45DJvdkD7fiTrhsrNxaWd8jAiWJ1G5S98W7n4Wg8gJdW;1913;1913;0.0167;0.0167;47900217;25039;0.3969;0.2385;0.4504;0.3608
HmaXyMUBP1J84LafYVRus1PS498F2FXJNCxtbTrNnkGf;3320;3320;0.0166;0.0166;287423177;86573;0.0675;0.0536;0.069;0.0609
DmfUp9sjqVW4uf89X5T1bq1rWw1MzuWjZvZpDpjnW6Ju;2525;2525;0.0165;0.0165;111263947;44065;0.1313;0.1083;0.2048;0.15
BDHztFsD45xQDfwEg2rGyZjQPaMeDm9Lxg25LBxBeyA1;2724;2724;0.0164;0.0164;213078487;78223;0.0713;0.0605;0.1312;0.1626
HQ2UUt18uJqKaQFJhgV9zaTdQxUZjNrsKFgoEDquBkcx;2313;2313;0.0163;0.0163;283549481;122589;0.0398;0.0382;0.0424;0.3523
7mSqZcYPUGm99M6sGpNRHjorbB1NPF3ThyTpEjhkKzKF;3234;3234;0.0162;0.0162;62310790;19267;0.2541;0.2539;0.2571;0.2895
D8C8iW6zmoKg5TRr8nQ7h14TMWqQX8FiBdj2ju5MF3wa;425;425;0.0161;0.0161;46391313;109156;0.067;0.0633;0.0698;0.2311
chopmfFa3T1CzZj9WUgq5e18aMvjufSHGfPTvyKkydL;3191;3191;0.016;0.016;61702100;19336;0.4172;0.1714;0.6483;0.5625
rateE3GompDX8X8a6WEqwve7kge6YwCGEhN8krmTFjB;396;396;0.0158;0.0158;40856868;103174;0.3727;0.3694;0.4425;0.4044
44gjgndDaSHTAXxXuQYMEJJ4VkoE8b97o6P59Hhv8DB4;2235;2235;0.0158;0.0158;134881872;60350;0.1135;0.1123;0.1299;0.12
23YJWaC8AhEufH8eYdPMAouyWEgJ5MQWyvz3z8akTtR6;3158;3158;0.0158;0.0158;42103528;13332;0.987;0.2483;0.987;0.7549
LockrWmn6K5twhz3y9w1dQERbmgSaRkfnTeTKbpofwE;3002;3002;0.0157;0.0157;233031513;77625;0.0995;0.0481;0.1082;0.0842
rAte14X4CFgBXqPLEhmcLxkXVRoFthL3fcbBHVuvmxo;370;370;0.0156;0.0156;40113919;108416;0.3761;0.3694;0.4053;0.4038
32Jr4JnXWvqq9GqPQynkooHsszaucUUvZfNLh2hdX2L5;3077;3077;0.0154;0.0154;101705799;33054;0.1511;0.1436;0.1576;0.155
FLEET1qqzpexyaDpqb2DGsSzE2sDCizewCg9WjrA6DBW;3061;3061;0.0153;0.0153;481357407;157255;0.0261;0.026;0.0578;0.0488
WattJi1TzD85VrBjrSspQUQQau1cZ8kzxZr3i6VNnhg;2321;2321;0.0153;0.0153;270928321;116729;0.0559;0.0536;0.058;0.056
nttu74CdAmsErx5daJVCQNoDZujswFrskMzonoZSdGk;1252;1252;0.0152;0.0152;92543678;73917;0.0786;0.0751;0.082;0.1651
optsy31cq14ExqAA8atvvtv7JRHMCtojXja8DjEXa6N;2953;2953;0.0148;0.0148;26191132;8869;0.9123;0.3568;3.3852;2.0642
BSfD6SHZigAfDWSjzD5Q41jw8LmKwtmjskPH9XW1mrRW;2933;2933;0.0147;0.0147;236202509;80533;0.0649;0.0556;0.0702;0.0631
EG1BjZMraQcrHoPkR4qXs2T2trCarQH5nfJV7VjUUnkN;2937;2937;0.0147;0.0147;19843010;6756;0.7444;0.7444;0.7444;0.743
BMBpXq5RaoRf5pGsQpuwjcozaLF2TuNCmYKKcFJjFiFS;2919;2919;0.0146;0.0146;383289768;131309;0.0373;0.0362;0.0384;0.0388
BidUuhFU1wyjgmpTv4YMQrqzersavZLJRnsgpw3i4k88;2830;2830;0.0142;0.0142;120622575;42623;0.1679;0.1664;0.1698;0.1727
HfxJdaQDzgoeSqX1amL69myyZQqrab5M9wjbotV8i6N2;1398;1398;0.014;0.014;8016364;5734;1.7397;1.7397;1.7397;1.7441
CREWiq8qbxvo4SKkAFpVnc6t7CRQC4tAAscsNAENXgrJ;1404;1404;0.014;0.014;596649721;424964;0.0161;0.0137;0.2752;0.1084
NBSVPf3v6um9fFvazQhidd7ePCkJ82gh2ATYMo1Dcbp;1421;1421;0.0139;0.0139;114477178;80561;0.0915;0.0836;0.3619;0.2138
EW9GwxawnPEHA4eFgqd2oq9t55gSG4ReNqPRyG6Ui6PF;2779;2779;0.0139;0.0139;15928653;5732;1.165;0.7948;1.165;0.9923
57GQDhcco4bv4Ngcg7gc6huEYepnGU4PZAGHQCFJmjNW;2679;2679;0.0138;0.0138;170256112;63552;0.0768;0.0746;0.0781;0.0919
EAA5YxYCFjLo8werxQDJDV6TRjbdXNkq89o5qmsyuBcm;156;156;0.0138;0.0138;9265131;59392;1.4883;1.2459;2.2751;1.7022
CRGhjZGv6ttKt8AiqEZd2ZBW7Kp14zXUKjUykoR29LbN;1470;1470;0.0136;0.0136;88894417;60472;0.1569;0.1369;0.2479;0.2212
eUSXyKoZ6aGejYVbnp3wtWQ1E8zuokLAJPecPxxtgG3;2677;2677;0.0134;0.0134;88917860;33215;0.1678;0.1167;0.2254;0.169
EG67mGGTxMGuPxDLWeccczVecycmpj2SokzpWeBoGVTf;2612;2612;0.0131;0.0131;334828800;128189;0.0479;0.0272;0.0653;0.0466
foRGEL4EUjeQMd8U2QL5Rx8je75ZFpmtLoWRyyAxxr7;1293;1293;0.0131;0.0131;154983454;119863;0.08;0.0747;0.0983;0.4342
prm1azdDGzyqP76s3Hv2nuG3uLnBgR5u2d7pANwmmzC;2583;2583;0.0129;0.0129;100992627;39099;0.1123;0.1106;0.1756;0.1382
proVF4pMXVaYqmy4NjniPh4pqKNfMmsihgd4wdkCX3u;580;580;0.0129;0.0129;139553572;240610;0.0219;0.0198;0.0595;0.1383
JBBrJmCunztkrb2vtn2GE1YmbVdjbaRc3x7mUG2Qq5CQ;2535;2535;0.0127;0.0127;217646783;85857;0.0575;0.0555;0.0647;0.059
C4PcYp1KVrU6sXkiYGwc9rAHZXnVTfqsM1Ek5zFw4DEf;2479;2479;0.0124;0.0124;154601587;62364;0.0726;0.0637;0.1258;0.1015
fragnAis7Bp6FTsMoa6YcH8UffhEw43Ph79qAiK3iF3;1284;1284;0.0122;0.0122;189277188;147412;0.0473;0.0377;0.0655;0.0797
goonuddtQRrWqqn5nFyczVKaie28f3kDkHWkHtURSLE;2444;2444;0.0122;0.0122;12348357;5053;2.4298;1.6415;3.5115;2.3786
UMBRAkrfUTHuPAjDQXgmpoQjGGyhtqiRqWNrMroEijV;2432;2432;0.0122;0.0122;94599238;38898;0.3713;0.1372;0.5663;0.8021
save8RQVPMWNTzU18t3GBvBkN9hT7jsGjiCQ28FpD9H;2399;2399;0.012;0.012;156229998;65123;0.2112;0.0416;0.2941;0.1739
HMq2uadrCJru2bhP1DJrVmjLM7pySS9rP5FGQjg5GULP;1254;1254;0.012;0.012;65316194;52086;0.1628;0.1437;0.3043;0.2093
GFzXiEhiRauw6k59L15zz4UJ9ZANaF5gpPtxEaYCo8jv;2387;2387;0.0119;0.0119;284664496;119256;0.0416;0.0416;0.0416;0.0631
RAte2gSaXmo5YSbpGHDKpK64J7frAmonHBpi4odtyRV;474;474;0.0119;0.0119;27742034;58527;0.4711;0.4213;0.4845;0.4737
ZUPYzr87cgminBywohtbUxnaiFMwXNy8A5pD9cCcvVU;2336;2336;0.0117;0.0117;240994599;103165;0.0484;0.0483;0.0484;0.0491
pyti8TM4zRVBjmarcgAPmTNNAXYKJv7WVHrkrm6woLN;1235;1235;0.0117;0.0117;251827951;203909;0.0376;0.0169;0.1072;0.1397
Bscr7gaUhPMt4j8ugbsQyk4R8mVLMJS7q2U9AsnXLgjb;2344;2344;0.0117;0.0117;28724581;12255;0.408;0.408;0.408;0.408
CndyV3LdqHUfDLmE5naZjVN8rBZz4tqhdefbAnjHG3JR;2289;2289;0.0115;0.0115;92850776;40564;0.1309;0.1099;0.1326;0.1306
LocpQgucEQHbqNABEYvBvwoxCPsSbG91A1QaQhQQqjn;2263;2263;0.0113;0.0113;312606608;138138;0.0363;0.0354;0.0372;0.0364
fish3HxLMRkCyRMobeJyDy9ymXojx1Q1G1mbXSzpsvS;1779;1779;0.0112;0.0112;10075459;5664;1.083;0.8915;1.5589;1.2348
mgrfTeJh5VgHt67LQQVZ7U2gPY88En94QMWz64cV2AY;2222;2222;0.0111;0.0111;10314828;4642;1.0746;1.0746;1.0746;1.0771
JPDGXJky3iRkPmJx3cixg5cxJGGwP9kXBJzMpT5GLir;2220;2220;0.0111;0.0111;91457702;41197;0.119;0.11;0.1322;0.1504
4fjiA3BqRSYybXfpMuFzGhq5rSMkUPthGqWQEYKKKXkY;1149;1149;0.011;0.011;45636676;39719;0.2441;0.2274;0.2634;0.2476
8yvD3vvuJdXCaxuVKSc81SNgox3vcXfXgLCJii8WKBvU;2170;2170;0.0109;0.0109;342877731;158008;0.032;0.0297;0.0339;0.0329
BkSqG9ni5R47X7QynNTzhQoHve5TCX4qHPQxsmLV2sfV;2174;2174;0.0109;0.0109;16637846;7653;0.7409;0.6171;0.8027;0.6884
EQYRmLmkE7G7a2WQyojwrXg4SeguypCdnbm3ecncizsd;1398;1398;0.0108;0.0108;23762429;16997;0.5991;0.3523;0.5991;0.5661
ChainWorksznk6gZyzGHUAxVUNuc79wznbf3DGnVxgyh;354;354;0.0108;0.0108;60265825;170242;0.0298;0.0255;0.0318;0.9955
HumaXepHnjaRCpjYTokxY4UtaJcmx41prQ8cxGmFC5fn;2086;2086;0.0105;0.0105;122136235;58550;0.0754;0.0744;0.108;0.1136
BhdU135mdBb1V7jcKdAZoFueNMLMeAtAbBgUZehqRte7;2078;2078;0.0104;0.0104;77319233;37208;0.1755;0.1328;0.1977;0.1603
CM9y2DreJSMqzoRRrLkWEZzTB9ve5D4gQHcPPxrw8mxg;2008;2008;0.01;0.01;11655273;5804;0.8621;0.8621;0.8621;0.8618
TokExjvjJmhKaRBShsBAsbSvEWMA1AgUNK7ps4SAc2p;743;743;0.0099;0.0099;38060968;51226;0.2294;0.0699;0.5187;0.5365
DHFkF589sftXMvirmVGoMPk9rjzvUEiRTJvdT7yYXdmu;1989;1989;0.0099;0.0099;19528992;9818;0.5292;0.4627;0.6035;0.5279
iLEPWontSkuaCDeg8psrxB3mVHAA39fWWRtinSJcrtJ;1982;1982;0.0099;0.0099;42392625;21389;0.2343;0.2339;0.2347;0.2339
tuktukUrfhXT6ZT77QTU8RQtvgL967uRuVagWF57zVA;1948;1948;0.0097;0.0097;276586062;141985;0.0312;0.0238;0.0621;0.0589
2DkBHDXSGeDtZMrW1SvFV3pJAEr8LYRN2UjJ89LKGg2P;201;201;0.0097;0.0097;10049519;49998;0.5989;0.3826;1.0175;0.979
B1osUCap5eJ2iJnbRqfCQB87orhJM5EqZqPcGMbjJvXz;1564;1564;0.0096;0.0096;26556875;16980;0.35;0.2562;0.3617;0.3859
oxp5daG6BinG1AL2W83RQmmN8tcXJqrqy3bYprLMRV8;989;989;0.0093;0.0093;36153954;36556;0.3964;0.2014;0.4531;0.3367
xLPAoPmqin5TfxrQxvgZYKvgivji2zkqbzCEAvQEHSJ;1850;1850;0.0093;0.0093;806411290;435898;0.0134;0.0088;0.0184;0.0244
GpQUqzphxhR5vpyihR27X45iSGeSKruzd8BHj2WU4fYx;1864;1864;0.0093;0.0093;66531018;35693;0.1413;0.1337;0.1509;0.1411
4XKv23WzTb9ZpwLCxfQ3k2ChFmQwrUuuazpDKq3ikVSJ;1431;1431;0.0092;0.0092;95012569;66396;0.0941;0.0937;0.0943;0.1011
AUMinudJ3Qnq75vEev6Q39HpbBhAum4raVWct3s4QcZD;1366;1366;0.0091;0.0091;91982910;67337;0.2093;0.0388;0.2938;0.1804
axjx66xJAyWxVTu73uCjqzSsAopBbqEbyetD5SUFTex;1814;1814;0.0091;0.0091;17673810;9743;0.4812;0.4812;0.4816;0.6611
3JewDFh1NBryPrfcxKpepHks4cUyQPZWsf3DoK1r93ou;1822;1822;0.0091;0.0091;187224635;102758;0.0445;0.0392;0.0692;0.0571
SRSLY1fq9TJqCk1gNSE7VZL2bztvTn9wm4VR8u8jMKT;1818;1818;0.0091;0.0091;180435421;99249;0.0404;0.0385;0.154;0.1311
RUsHe5Kt19Koe2stiQuTRS4wkev5QjY5AyatokniGeY;1791;1791;0.009;0.009;159007712;88782;0.1063;0.097;0.1098;0.0971
9vJvSurs8pwRR4PzPYkTJ76As9srzXQu8zTTHGfAoSRm;1779;1779;0.0089;0.0089;101503819;57057;0.0806;0.074;0.1254;0.0951
48EWpApsQihHzvnq8hRrhn51PJWB1r41HmEyfxLWoNNC;891;891;0.0089;0.0089;98405317;110444;0.0902;0.0886;0.0929;0.0907
pjMUjMjHTHot5bYrBu9qd4cRaNKdK1eTR8iVYouQzDo;1744;1744;0.0087;0.0087;20588813;11806;2.1953;0.1903;4.4366;2.7245
Nqd6XqA8LbsCuG8MLWWuP865NV6jR1MbXeKxD4HLKDJ;1710;1710;0.0086;0.0086;5498605;3216;1.5823;1.5823;1.5823;1.5822
migK824DsBMp2eZXdhSBAWFS6PbvA6UN8DV15HfmstR;270;270;0.0086;0.0086;22808049;84474;0.0588;0.0543;0.0633;0.3796
tbd3QdqF7Es36ifxUsW4uhf5fVkba94oKaGYXLZckT6;1718;1718;0.0086;0.0086;17755246;10335;0.4849;0.4741;0.4982;0.4842
mm8xSt2eohydqPbP86m8gRCCimRDinzpWQVCxR31ttK;1640;1640;0.0082;0.0082;217680073;132732;0.0372;0.0372;0.0373;0.0398
mixEcfx7w47hvRwb9Nj7UeSQkCz6vZMbRHixMyYMLMb;1297;1297;0.0082;0.0082;226207099;174408;0.0366;0.0362;0.0369;0.0387
5f6jnqJUNkUvWvwuqvTvmbQS1REjSsgTtZ75KercWNnG;1640;1640;0.0082;0.0082;247799020;151097;0.0331;0.0331;0.0331;0.0331
credMBJhYFzfn7NxBMdU4aUqFggAjgztaCcv2Fo6fPT;733;733;0.0081;0.0081;48839160;66629;0.1861;0.1437;0.191;0.1699
EoV4Bsncqw1MDobAyobTkvu2dFJqP3PLa5jidoF74eSa;1608;1608;0.008;0.008;96976091;60309;0.0838;0.0782;0.0888;0.0835
FUCK7mrTzTRtph1EgRmoshatCaabaE2J6fxQnaPsuFE6;940;940;0.008;0.008;62324258;66302;0.1468;0.0802;0.1523;0.1284
stakeZZUzk2LgiiLqufNNyDQuUsn8UTzvCWBkWdYaRH;1551;1551;0.0078;0.0078;38613631;24896;0.2197;0.2022;0.2261;0.2084
9yiphKYd4b69tR1ZPP8rNwtMeUwWgjYXaXdEzyNziNhz;769;769;0.0077;0.0077;8398335;10921;0.9208;0.9197;0.9278;0.918
FLiPSwA8xCUhjNcFPXptWEt1QKt2xqqsePm5QguFeiq8;131;131;0.0076;0.0076;4158028;31741;2.189;1.5382;2.6135;1.9417
A4z8JVxTyij3nJxkMVU8Qbgy6niB8JjoBm1ahbJFAKJ3;1497;1497;0.0075;0.0075;40316722;26932;0.1752;0.1751;0.2052;0.2358
5pdTtMkYCJynYTK4E4819dFW5n49jaGkTaX9Kze2esNT;1491;1491;0.0075;0.0075;157942574;105931;0.042;0.0404;0.0541;0.0536
rFLctqnUuxLmYsW5r9zNujfJx9hGpnP1csXr9PYwVgX;427;427;0.0074;0.0074;77395562;181254;0.0777;0.0713;0.0829;0.1085
FEESngU3neckdwib9X3KWqdL7Mjmqk9XNp3uh5JbP4KP;246;246;0.0074;0.0074;6566964;26695;0.754;0.4944;1.3712;1.1314
GrXnESecDUbiiFsaAnAyEpvSgURJYgk7mQtZuuUr3z1w;118;118;0.0073;0.0073;22895756;194032;0.1755;0.1192;0.391;0.3196
rDeFiHPjHZRLiz4iBzMw3zv6unZs4VwdU6qQcVd3NSK;582;582;0.0073;0.0073;83541185;143542;0.0603;0.0592;0.0874;0.1224
DCLDgP6xHuVmcKuGvAzKEkrbSYHApp9568JhVoXsF2Hh;1456;1456;0.0073;0.0073;22878457;15713;0.3497;0.255;0.9144;0.5381
BrdgN2RPzEMWF96ZbnnJaUtQDQx7VRXYaHHbYCBvceWB;1081;1081;0.0072;0.0072;155936161;144252;0.0428;0.0404;0.0452;0.0727
FoRTUqpCaR3MYs2VFYuQNkzfJruzDWxxiJEGk9bFhib7;1406;1406;0.007;0.007;23788214;16919;0.272;0.2573;0.2881;0.3725
STANDjrnkxme4tKsZSnW3WUQ9iKxbhJQj33dbW2F9sZ;932;932;0.007;0.007;34433832;36946;0.2367;0.1307;0.3253;0.2274
3frbQeavdYSEWxaLLmMrq8XdY2GTMnRnTK7ke9gEs4UD;693;693;0.0069;0.0069;19487053;28120;0.3408;0.3206;0.3722;0.401
SSSnRENPEFnbQKfk7qFjiFyg4vku5CjLsxeEs9jWaTe;1378;1378;0.0069;0.0069;209048597;151704;0.0335;0.0292;0.0405;0.0348
7iMofsAdkzcc7RQaG13XXbHwMA41VwY3c7UQuKd9RBhU;923;923;0.0069;0.0069;57447019;62239;0.1516;0.1264;0.1798;0.1484
EW4DFoPuv1sU6bZWkTeBBNA2VyMjcaxjTrbmtvLRXAMJ;1372;1372;0.0069;0.0069;36621260;26692;0.1896;0.1819;0.1987;0.1883
42C9thies2WottySPmi2k93Nq2eP7TUtPZxHVAhicxMP;1351;1351;0.0068;0.0068;27799414;20577;1.142;0.1825;1.1652;0.7746
CASHCK6gkwQucXfC8hEhJjRR7XogR6uqADMkpeme5Rwp;1369;1369;0.0068;0.0068;20204475;14759;0.3232;0.3226;0.3838;0.3449
9DRcqsJUCo8CL2xDCXpogwzLEVKRDzSyNtVgXqsXHfDs;1337;1337;0.0067;0.0067;94681041;70816;0.0706;0.0706;0.0706;0.0706
CiKNKPpdC55EpnVD5nDF5kSHVUHu1Q3kiKUstdsHPmtV;1298;1298;0.0065;0.0065;27601941;21265;0.2055;0.1888;0.2676;0.324
C6KsXC5aFhffHVnaHn6LxQzM3SJGmdW6mB6FWNbwJ2Kr;1292;1292;0.0065;0.0065;67770146;52454;0.1536;0.1166;0.2668;0.3246
Mona56r1bceWXc5c8m3ZhiTJUhEbsxT7fQkoZJNm6KZ;1261;1261;0.0064;0.0064;14384442;11407;0.7949;0.7629;0.7949;0.6955
HQi8Mt8d9gockUUTjhrDTWkBdYj2YcoKwKJvfdUhv15C;1251;1251;0.0063;0.0063;16294492;13025;0.5276;0.2607;0.5984;0.4568
3M12BfitAEYz14WJBMnjahEuSvhsWhjfGJXbzur26o2U;1259;1259;0.0063;0.0063;28859182;22922;0.1994;0.1992;0.1995;0.2353
ogpBmnVowLRYu1XqK9ALttuHxouwnmgYR5Ui7eqiU1Z;632;632;0.0063;0.0063;52302860;82758;0.1232;0.1097;0.1505;0.131
HXwf9HxBCZLLJS7uy4q5qAzLiAGLDTp5iWicPNiWC5Vo;622;622;0.0062;0.0062;46070654;74069;0.1372;0.1318;0.1373;0.1352
E22mM2hSBAb786m9c9mfdgCopdHVaXqeGF8fuNC7rgFJ;1197;1197;0.006;0.006;2093161;1749;2.862;2.862;2.862;2.8595
3i5JeuZuUxeKtVysUnwQNGerJP2bSMX9fTFfS4Nxe3Br;125;125;0.0059;0.0059;14447787;115582;0.745;0.1101;1.2309;0.8347
dahPEoZGXfyV58JqqH85okdHmpN8U2q8owgPUXSCPxe;1172;1172;0.0059;0.0059;131115933;111874;0.0472;0.0448;0.048;0.0456
DRAkNQsJrWKx8VLCMFcpAfNiYtsX4e7pVpjz1vgcsya3;155;155;0.0059;0.0059;38870091;250775;0.0201;0.0188;0.022;2.2072
rain2M5b9GeFCk792swkwUu51ZihHJb3SUQ8uHxSRJf;594;594;0.0059;0.0059;96041165;161685;0.0643;0.0534;0.0658;0.0741
L4fw9J548oazGjNxrV8AagXDNNLjQz4NTMusBdPLUag;1172;1172;0.0059;0.0059;35029940;29889;0.1463;0.1391;0.2382;0.1791
jCebN34bUfdeUYJT13J1yG16XWQpt5PDx6Mse9GUqhR;600;600;0.0059;0.0059;77669764;129450;0.0768;0.0737;0.0797;0.0759
AxiomE1wV2faqAf1p9VNTY5XsacTS3HMSYBpGbrsm97K;381;381;0.0059;0.0059;29737769;78052;0.1985;0.1947;0.2008;0.1972
DeintXmrdZFgSKzEWcJWhK793HuqnfDydAPvHmayY5Xz;929;929;0.0058;0.0058;99435341;107035;0.1247;0.0319;0.1784;0.1079
iAVuPxN9vjdaJfGTk9F7MWBTVCN5bzhky8uKnVJRktS;1163;1163;0.0058;0.0058;40144822;34518;0.1515;0.1469;0.1563;0.158
DWTXVqC2ovhJxVtcWDn82aAZ1wD55aKA66gxnw2J1PP1;1113;1113;0.0056;0.0056;27754108;24936;0.2034;0.1919;0.2165;0.202
NtttGjhSzBsofYFWRYkKLV9n4og1nxVoTtBNVbnu8mf;110;110;0.0056;0.0056;8829601;80269;0.0633;0.0618;0.0647;0.6141
kaMiSoQE6jc3evqya9bZrqyWr2boDmfox6bUye1eJ5K;1081;1081;0.0054;0.0054;252472883;233555;0.0208;0.0172;0.024;0.0343
onreuGhHHgVzMWSkj2oQDLDtvvGvoepBPkqyaubFcwe;236;236;0.0054;0.0054;26414940;111928;0.0465;0.0398;0.0486;0.2088
HutgaHDMVeh1jk9tMq4syaXafJp6yyhMDSVdekLMHrPE;487;487;0.0054;0.0054;26250869;53903;0.2419;0.0906;0.6128;0.3379
5KpN8ZdvhkxSnf83siXZeBGQnHcTWFPKC9e62PvDxEYz;580;580;0.0053;0.0053;63157732;108893;0.0831;0.0738;0.1038;0.0842
TNSxsGQYDPb7ddAtDEJAUhD3q4M232NdhmTXutVXQ12;1064;1064;0.0053;0.0053;47852986;44975;0.2476;0.0567;0.3021;0.4126
2Nz2Ls8NfaLDR92yDg8NVwoU6jzumdTdJFWq2rLr3Nyp;1063;1063;0.0053;0.0053;30622304;28807;0.1716;0.1646;0.1929;0.1776
AdtV1J69wBY28goXVvWjz4mW5V3ZYztwHvfZeFFYRs5M;1050;1050;0.0053;0.0053;82905652;78958;0.0637;0.0612;0.0662;0.0636
GQBqwwoikYh7p6KEUHDUu5r9dHHXx9tMGskAPubmFPzD;1038;1038;0.0052;0.0052;12624421;12162;0.4433;0.3899;0.4655;0.4217
Arcj82pX7HxYKLR92qvgZUAd7vGS1k4hQvAFcPATFdEQ;1045;1045;0.0052;0.0052;146009798;139722;0.0329;0.0279;0.0382;0.1672
EVQ4s1b6N1vmWFDv8PRNc77kufBP8HcrSNWXQAhRsJq9;296;296;0.0051;0.0051;11644690;39340;0.3583;0.1983;0.7676;0.7315
