program_id;tx_count;success_count;base_fees_sol;priority_fees_sol;total_fees_sol;total_cu;avg_cu_per_tx;avg_cu_per_block;blocks_touched;base_only_tx_count;priority_tx_count;median_priority_fee_per_cu_lamports;p25_priority_fee_per_cu_lamports;p75_priority_fee_per_cu_lamports;avg_priority_fee_per_cu_lamports
ComputeBudget111111111111111111111111111111;2610102771;1908999216;13050.5139;138135.5852;151186.0991;188951739469010;72392;28084305;6728019;589871748;2020231023;0.0241;0.0011;0.1601;11.9988
11111111111111111111111111111111;466211173;313611391;2331.0559;74196.2651;76527.321;25241632365271;54142;3752764;6726145;168366906;297844267;0.0058;0;0.1984;6.2603
9H6tua7jkLhdm3w8BvgpTn5LZNU7g4ZynDmCiNN3q6Rp;297407124;184459148;1487.0356;125.399;1612.4346;90726676988;305;13525;6708297;25954833;271452291;0.6978;0.2415;5.1757;8.4604
ATokenGPvbdGVxr1b2hvZbsiqW5xWH25efTNsLJA8knL;126587049;113536178;632.9352;609.4405;1242.3757;14707115722393;116182;2217713;6631660;77827060;48759989;0.0005;0;0.028;0.063
BiSoNHVpsVZW2F7rx2eQ59yQwKxzU5NvBcmKshCSUypi;111053956;61236516;555.2698;436.5721;991.8419;34121431232;307;5192;6572289;8611566;102442390;4.6413;1.239;17.4076;39.4101
jesterKqzZ7hWfNLnUDeB8WtMrm7a44g2vSyhs7WmyT;599534;92350;2.9977;717.8549;720.8526;103329282118;172349;304199;339677;172;599362;0.1966;0.0656;0.863;7.1483
StenDH7EmnXdcniwsXgTWtN1ogfQksZ1C5UGBr7dNBG;920648;78013;4.6032;492.1079;496.7112;132326980451;143732;339522;389745;2703;917945;0.1765;0.0397;0.6967;5.7008
King7ki4SKMBPb3iupnQwTyjsq294jaXsgLmJo8cb7T;2882996;177085;14.415;393.6112;408.0262;82200143570;28512;43363;1895611;111292;2771704;0.009;0.006;0.0119;1.947
TokenkegQfeZyiNwAJbNbGKPFXCWuBvf9Ss623VQ5DA;31284610;30342208;156.4231;211.3312;367.7542;342489192395;10948;75054;4563215;24645620;6638990;0;0;0.0147;0.7967
KLend2g3cP87fffoy8q1mQqGKjrxjC8boSyAYavgmjD;170493;118558;0.8525;143.2531;144.1056;30613574501;179559;283980;107802;52226;118267;0.0639;0;3.7736;3.6346
6EF8rrecthR5Dkzon8Nwu78hRvfCKubJ14M5uBEwF6P;4775884;3240979;23.8794;98.4783;122.3577;308204663379;64534;154987;1988579;1840960;2934924;0.0691;0;0.4328;0.4475
9i7QdbBHx7fjLAAaFfcDRgkdS4oNfKv8duzyE27a1kJ6;5985;5804;0.0299;120.4537;120.4836;898187851;150073;170823;5258;3854;2131;0;0;68.0102;121.8227
Bgo4vNe3vxRv37j8mmQarJo8vbjHEKgkhJDZzxiizBid;146758;32439;0.7338;87.4979;88.2317;11582227192;78921;266583;43447;5;146753;6.6485;4.3169;69.5741;34.815
G2E4eoenFMirpFKRfHNo2koDP7mrhnNWVwxyHASSpjQD;123864;484;0.6193;83.0445;83.6638;18747362373;151354;6352885;2951;0;123864;2.8675;1.2074;6.6994;4.9535
TokenzQdBNbLqP5VEhdkAS6EPFLC1PHnBqCXEpPxuEb;7791562;7522017;38.9578;43.2808;82.2386;100208995056;12861;45926;2181953;3623069;4168493;0.1367;0;0.5968;0.7659
Ed25519SigVerify111111111111111111111111111;6058232;6035394;30.2912;36.5247;66.8159;97443809009;16085;29257;3330603;0;6058232;0.4596;0.4596;0.4596;0.4434
8Ue7UGaqgk9GR3YphyDMe9TX4rdUqsbVXfPcFbzM5LDE;7661674;21403;38.3084;27.6409;65.9492;2823839078582;368567;7907211;357122;0;7661674;0.0024;0.0012;0.0166;0.0132
pAMMBay6oceH9fJKBRHGP5D4bD4sWpmSwMn52FMfXEA;2220731;2085962;11.1037;53.889;64.9926;226941766888;102192;189745;1196033;2102918;117813;0;0;0;0.2793
MemoSq4gqABAXKb96qnH8TysNcWxMyWCqXgDLGmfcHr;2395760;1655169;11.9788;46.2241;58.2029;250027484869;104362;162674;1536986;964159;1431601;0.0029;0;0.0416;0.3977
CroWg74XNDF8UMnAZVbXx49iVj7iJ7b4CsqTCVWF7aK;610734;35987;3.0537;44.8722;47.9259;91667018366;150093;254256;360530;4356;606378;0.1932;0.099;0.4385;0.5881
routeUGWgWzqBWFcrCfv8tritsqukccJPu3q5GPP3xS;1330786;1076628;6.6539;38.4295;45.0835;155855898012;117116;136874;1138681;152230;1178556;0.1124;0.0819;0.1852;0.3097
pudgeNoz4YrkpwZr8dYmhkHJz87yRHsJeyxZhQChetj;755069;112596;3.7753;38.5386;42.314;116234237005;153939;311673;372937;4;755065;0.0213;0.0137;0.0391;0.4918
4pjbtQCpaXFrmT7wcfuCQnAWLCUhRuK9CKQyvou1F5xo;1879899;1879898;9.3995;28.1985;37.598;293358510905;156050;346735;846060;0;1879899;0.1189;0.0756;0.1262;0.1027
LiMoM9rMhrdYrfzUCxQppvxCSG1FcrUK9G8uLq4A1GF;46090;10203;0.2305;36.8432;37.0736;11988249242;260105;485767;24679;2;46088;3.6579;1.1082;11.6256;14.4921
9GCBb4NsSDRuEkkGfQkN37oppmMVPops5sXDWhAKAvQQ;46542;110;0.2327;35.6987;35.9315;5386215478;115728;201294;26758;28845;17697;0;0;10.5904;11.4293
BPFLoaderUpgradeab1e11111111111111111111111;6598880;6597302;32.9944;0.9955;33.9899;16350826410;2478;60012;272460;5499384;1099496;0;0;0;0.0598
JUP6LkbZbjS1jKKwapdHNy74zcZ3tLUZoi5QNyVTaV4;2079987;697817;10.3999;22.3693;32.7692;261276312501;125614;328075;796392;1286004;793983;0;0;0;0.1757
BGUMAp9Gq7iTEuizy4pqaxsTyUCBK68MDfK752saRPUY;4780611;4696132;23.9031;8.2097;32.1127;363772690438;76093;181311;2006345;3917074;863537;0;0;0;0.022
KeccakSecp256k11111111111111111111111111111;1194086;1163064;5.9704;22.8197;28.7901;39955326162;33461;38129;1047887;0;1194086;0.5678;0.5133;0.576;0.6581
DT3X9y2w3S13M4GiQNbMtsrYeA9eEZpLg6frM4V28at5;1098267;1098267;5.4913;16.3465;21.8379;9004968614;8199;24956;360831;24058;1074209;1.807;1.6543;1.8553;1.7553
45fCmmKfFjZ1bYu7zHyUPYsfPauQAD1RVinUmBp8DbSb;739165;240249;3.6958;16.0603;19.7561;25416004196;34385;107008;237514;17;739148;0.264;0.0833;3.0681;1.7378
phDEVv4w6BcfkLrLNeXr8HhhgQxnxziVGXpGPcaadMf;3788475;2686624;18.9424;0.0013;18.9437;779085755654;205646;386732;2014534;2722732;1065743;0;0;0.0007;0.0004
675kPX9MHTjS2zt1qfr1NYHuzeLXfQM9H24wFSUt1Mp8;304732;298186;1.5237;16.9924;18.5161;8711144522;28586;31916;272936;267278;37454;0;0;0;1.9692
FtyzXdj1NRexpX3WJqxs4qaqo2S2LehiRPyPY9hWDarn;634970;611085;3.1749;14.8876;18.0624;15186197862;23916;76141;199449;0;634970;0.2766;0.1768;0.7895;1.2231
MEXkeo4BPUCZuEJ4idUUwMPu4qvc9nkqtLn3yAyZLxg;243372;239505;1.2169;13.4471;14.664;26112487455;107295;124124;210374;0;243372;0.2296;0.2295;0.2504;0.4614
Ceu4aCcSV624aRGUoWt2pPd5YuLZM4gyos7kyrPrpGG1;2618539;2428337;13.0927;1.2267;14.3194;242921007820;92770;197673;1228905;7708;2610831;0.0057;0.0025;0.0104;0.0081
jupgfSgfuAXv4B6R2Uxu85Z1qdzgju79s6MfZekN6XS;6650;3286;0.0333;13.7629;13.7961;1935778640;291095;403119;4802;2897;3753;0.1573;0;1.6789;8.9724
HFn8GnPADiny6XqUoWE8uRPPxb29ikn4yTuPa9MF2fWJ;91524;83786;0.4576;12.4399;12.8975;21341770672;233182;255694;83466;4796;86728;0.1143;0.0454;0.3273;0.7122
MFv2hWf31Z9kbCa1snEPYctwafyhdvnV7FZnsebVacA;83570;44733;0.4179;11.0657;11.4835;28424574179;340129;1083047;26245;31041;52529;0.1048;0;0.3917;0.528
brzp8fNvHCBRi8UcCnTQUgQ2bQ4JnJTJtCvPzpKf2ty;19896;15179;0.0995;10.7228;10.8223;4312911739;216773;251540;17146;2255;17641;1.0181;0.0073;2.8709;2.3065
CoqTVH4YViufSd8idZ7WwndUQUDWnTT6yERGjXfjQd52;968553;46531;4.8428;5.7439;10.5867;157463111674;162576;580426;271289;0;968553;0.0377;0.0336;0.042;0.0383
D4aBeFn9DBhU41kFNvr9kVKRuBy858ATxwTevmJCCJYL;1025998;1025998;5.13;5.1787;10.3087;3533545313;3444;24863;142120;836;1025162;1.5649;1.5635;1.5691;1.5651
HDwcJBJXjL9FpJ7UBsYBtaDjsBUhuLCUYoz3zr8SWWaQ;633435;631554;3.1672;6.2791;9.4463;247686967688;391022;461146;537112;431189;202246;0;0;0.0131;0.1408
EtrnLzgbS7nMMy5fbD42kXiUzGg8XQzJ972Xtk1cjWih;640077;419740;3.2004;6.1873;9.3877;1792894270;2801;7815;229414;38487;601590;10.4167;10.3932;15.8206;11.5359
9VX8EKBg6vM6tA68xaDsPkbrx26XConZjkQmhVApUptc;1632257;1632047;8.1613;1.1602;9.3215;868834528;532;596;1457828;399;1631858;1;1;2;1.3372
T1pyyaTNZsKv2WcRAB8oVnk93mLJw2XzjtVYqCsaHqt;1718317;1718317;8.5916;0.0099;8.6015;100720280747;58616;65568;1536125;1716694;1623;0;0;0;0.0002
6m9TTqMk9RoJxNjGMrTeNAmjewMWfmk2gRYubPDE8x6k;545630;139211;2.7282;5.6873;8.4154;84288198486;154479;529007;159333;0;545630;0.0464;0.032;0.0767;0.0901
FLASHX8DrLbgeR8FcfNV1F5krxYcYMUdBkrP1EPBtxB9;1603480;1525916;8.0174;0;8.0174;140880501635;87859;166933;843933;1603480;0;0;0;0;0
8jaLKWLJAj5jVCZbxpe3zRUvLB3LD48MRtaQ2AjfCfxa;1504549;1490073;7.5227;0.0028;7.5256;113464162288;75414;134849;841415;1503986;563;0;0;0;0
Stake11111111111111111111111111111111111111;46857;46407;0.2343;6.8843;7.1186;786377567;16782;31933;24626;42744;4113;0;0;0;18.1724
SKRskrmtL83pcL4YqLWt6iPefDqwXQWHSw9S9vz94BZ;874609;874604;4.373;2.1205;6.4935;31537943157;36059;40500;778724;26;874583;0.0686;0.0652;0.0691;0.0676
pythWSnswVUd12oZpeFP8e9CVaEqJg25g1Vtc2biRsT;1033840;1033574;5.1692;0.7325;5.9017;80302364340;77674;181899;441466;905692;128148;0;0;0;0.0155
1avaAUcjccXCjSZzwUvB2gS3DzkkieV2Mw8CjdN65uu;74050;63169;0.3703;5.2777;5.648;1258640754;16997;22825;55142;204;73846;2.8846;2.2291;4.8352;8.1375
CRSeeBqjDnm3UPefJ9gxrtngTsnQRhEJiTA345Q83X3v;78945;78083;0.3947;5.0578;5.4525;1455428858;18436;25489;57100;298;78647;2.462;2.462;4.4728;3.4253
SAGE2HAwep459SNq61LHvjxPk4pLPEJLoMETef7f7EE;1087565;1087316;5.4378;0.0005;5.4383;128911046640;118532;135705;949937;1087473;92;0;0;0;0
vBoNdEvzMrSai7is21XgVYik65mqtaKXuSdMBJ1xkW4;1063510;1063505;5.3176;0.0568;5.3743;75423101730;70919;1078212;69952;1058572;4938;0;0;0;0.001
LBUZKhRxPF3XUpBCjp4YzTKgLccjZhTSDM9YuVaPwxo;405586;398519;2.0279;3.1731;5.201;26457872171;65234;76713;344894;67119;338467;0.2304;0.1247;0.2755;0.2913
PdMDrKEMaX8q7CCJb7NvUCxerBCcsFUa4LjBEynTtEd;839808;839794;4.199;0.8399;5.0389;54018979268;64323;69174;780916;20;839788;0.0158;0.0147;0.0163;0.0156
AddressLookupTab1e1111111111111111111111111;787545;769441;3.9377;0.92;4.8578;7280525607;9245;12514;581788;615677;171868;0;0;0.0067;0.1443
3AQz4t3ShixZWw5vhvkAindHhMco3s12gxgvGuMeh2Yg;855848;76237;4.2792;0.4695;4.7488;130178909508;152105;676282;192492;73297;782551;0.0055;0.0023;0.0163;0.0094
7SyiQ664tWYCyWyKDftkfLspE85pJrUR4kJQwb6brYb9;467511;467511;2.3376;2.406;4.7436;1172632195;2508;12070;97154;0;467511;2.0568;2.0568;2.0568;2.0526
hi5iKPdHrk15joDZcfTio8vw5SnYnvrXQMv2qESCrJj;15078;8096;0.0754;4.5356;4.611;2788134500;184914;202670;13757;315;14763;0.7578;0.3227;2.6497;2.0432
2M86GVGn3AHgAX9afQrYeSEETJBs9qmDtxb3f6kEa87H;157529;3543;0.7876;3.8219;4.6096;24046389614;152647;353649;67995;0;157529;0.0659;0.0457;0.0994;0.3289
FdDd6eCKiRTUDnQ9o466pDnpcks6kwPCVc1uqcMdScAf;343344;343343;1.7167;2.4866;4.2033;4363772812;12710;13331;327339;0;343344;0.6105;0.4194;0.7666;0.649
sa12qbQyuQqEaDcEqEPKmZEGTdzSMaqj87nKRYbE3QE;574417;574413;2.8721;1.295;4.1671;17750269301;30901;58538;303228;315417;259000;0.0025;0;0.1169;0.0565
So1endDq2YkqhipRh3WViPa8hdiSpxWy6z3Z6tMCpAo;5556;1385;0.0278;4.1279;4.1557;1327606616;238950;473131;2806;766;4790;1.2008;0.5064;1.3536;3.4197
GH8Ya8jNnovpKH6r4YUiZGmfmv2t4onak1D4Bng4Vudw;117873;117858;0.5894;3.5093;4.0986;23896735397;202733;255111;93672;897;116976;0.1447;0.1415;0.1467;0.1479
AEyodoBDx5vgvEpWLUbNRMYHrSJ113uW2A8avE3GEB7X;212095;211970;1.0605;3.0154;4.0759;9932246899;46829;49353;201248;210875;1220;0;0;0;0.4458
cpamdpZCGKUy5JxQXB4dcpGPiikHawvSWAd6mEn1sGG;156999;106229;0.785;3.1126;3.8976;8978818843;57190;81285;110461;36315;120684;0.1072;0.0162;0.7535;0.4468
FTV1kbDLaeVM4LG4vHrVu2qdt2cXazYTXWWUi1xFAJdK;599479;597789;2.9974;0.8715;3.8689;64926961972;108306;113494;572074;585027;14452;0;0;0;0.0093
FDF8AxHB8UK7RS6xay6aBvwS3h7kez9gozqz14JyfKsg;16469;16439;0.0823;3.5532;3.6356;453712674;27549;27632;16420;2575;13894;9;9;9;7.7126
G3z6yQqLP1q2JqFqEwND6rTX3vsnzzr3Vv16pMoSdkcx;69718;69718;0.3486;3.2142;3.5628;793563781;11382;11704;67805;64361;5357;0;0;0;3.9581
dbcij3LWUppWqq96dh6gJWwBifmcGfLSB5D4DuSMaqN;422660;396771;2.1133;1.3732;3.4865;35863594864;84852;112551;318642;277702;144958;0;0;0.0497;0.0812
4R3gSG8BpU4t19KYj8CfnbtRpnT8gtk4dvTHxVRwc2r7;685744;682716;3.4287;0;3.4287;51995361408;75823;1950240;26661;685744;0;0;0;0;0
7TAvuPyU7cDMhhfXs1yCDZPEEbPuynd7zVeUtQLjfLmZ;12252;8540;0.0613;2.7917;2.8529;1770289765;144490;205800;8602;0;12252;0.9328;0.3357;2.8956;2.8747
nosJhNRqr2bc9g1nfGDcXXTXvYUmxD4cVwy2pMWhrYM;177670;177227;0.8884;1.7645;2.6528;10663829950;60020;144197;73953;1759;175911;0.1636;0.1584;0.1719;0.1647
metaqbxxUerdq28cj1RbAWkYQm3ybzjb6a8bt518x1s;203888;203501;1.0194;1.2921;2.3115;20184977287;99000;131647;153327;39829;164059;0.0573;0.0517;0.0599;0.0604
CPMMoo8L3F4NbTegBCKVNunggL7H1ZpdTHKxQB5qKP1C;138609;113128;0.693;1.5863;2.2793;4475893333;32292;33297;134425;131358;7251;0;0;0;0.3207
vanshF62ku4jVVdf8DS47SXuJC1rq8qokGSANAomhey;3858;3818;0.0193;2.1983;2.2176;327570234;84907;84951;3856;0;3858;0.3461;0.3338;0.4899;3.3762
ENicYBBNZQ91toN7ggmTxnDGZW14uv9UkumN7XBGeYJ4;24889;24421;0.1244;2.033;2.1575;1850489126;74350;74541;24825;0;24889;1.2994;0.8967;1.3656;1.2476
riptK81hDxhe5pW5jSzSM9iRA8azgEgLJ4dXkPtBS7j;426160;414357;2.1308;0;2.1308;142980699;336;348;410509;426160;0;0;0;0;0
boreXQWsKpsJz5RR9BMtN8Vk4ndAk23sutj8spWYhwk;407263;404735;2.0363;0;2.0363;13903758744;34140;63514;218909;407263;0;0;0;0;0
BwRZQcpiqQrQkpfWJDxzcpojPRmTB21FoVQYkcZBBReo;139344;10095;0.6967;1.3271;2.0238;25354571677;181957;309655;81880;5;139339;0.0006;0.0004;0.0367;0.0862
5bsFrMYiXMEEkVny2x37J1kK3U6h6RbtYGqxNAAFeSV7;64913;10972;0.3246;1.6909;2.0155;9753688773;150258;302253;32270;0;64913;0.0384;0.0213;0.0852;0.2095
F6KwbonKLyLNbD1SfWDwKN3T3BUxK3Pguy3yxWtxo9w9;1437;1209;0.0072;1.95;1.9572;164724773;114631;127397;1293;748;689;0.0005;0;16.2744;175.7986
RangohQxaWip6i1twAAnRVLmob9j88fid7sq2DMAATW;11668;9920;0.0583;1.8796;1.9379;2098033460;179811;180058;11652;1628;10040;0.165;0.0864;1.3566;1.3247
oreV3EG1i9BEgiAJ8b177Z2S2rMarzak4NMv1kULvWv;350238;348521;1.7512;0;1.7512;2816192324;8041;9387;299999;350238;0;0;0;0;0
SMRTzfY6DfH5ik3TKiyLFfXexV8uSG3d2UksSCYdunG;15127;14547;0.0756;1.6725;1.7481;534966238;35365;37169;14393;1398;13729;5.2565;0.2387;5.811;4.1023
FLASH6Lo6h3iasJKWDs2F8TkW2UKf3s15C8PMGuVfgBn;77753;74126;0.3888;1.3531;1.7419;8687421812;111731;113996;76208;7729;70024;0.0125;0.0115;0.0201;0.1943
9m7YMBgQaxYpUwrjLvS6AA3FmGH83qXgifA5aF5VbEue;43396;43316;0.217;1.4157;1.6327;6077887714;140056;141491;42956;0;43396;0.1551;0.1551;0.2262;0.2041
BzKgd9G8JXPPC91yrYfSQcHfQsgiARwGETH4VQYfGB8p;71100;10173;0.3555;1.1984;1.5539;10167345838;143001;278230;36543;0;71100;0.0387;0.0211;0.0822;0.178
6WPHMhYD7JLAF1HEtC6Ddkn93ADbGtyC93HUh7wy75m2;302046;302045;1.5102;0;1.5102;4224153173;13985;18693;225972;302046;0;0;0;0;0
Q72w4coozA552keKDdeeh2EyQw32qfMFsHPu6cbatom;299906;293890;1.4995;0;1.4995;12372817;41;46;269207;299905;1;0;0;0;0
idemJL67fKhpev5vKcxHrosuVyTat6wVC9sFfoPVg3Y;147485;147485;0.7374;0.7374;1.4749;1786384121;12112;67710;26383;0;147485;0.4135;0.3872;0.4342;0.4174
EmTX93xYtDE3h7G5EF2m9VRPE1UT1XBoohpVmEzE4oEU;156864;156861;0.7843;0.6894;1.4737;992289339;6326;7216;137512;74457;82407;0.7033;0;1.5462;0.6717
SBondMDrcV3K4kxZR1HNVT7osZxAHVHgYXL5Ze1oMUv;272217;252273;1.3611;0.0372;1.3983;7225576618;26543;31942;226210;264091;8126;0;0;0;0.0032
SHARKobtfF1bHhxD2eqftjHBdVSCbKo9JtgK71FhELP;41654;41654;0.2083;1.1369;1.3452;2324355357;55801;55811;41647;1;41653;0.4948;0.3363;0.6211;0.5571
7xiamgXLjjKPsAJMWq7UHCyjJWCgqY4oBXTieqzd8Te1;265268;265268;1.3263;0;1.3263;26490958217;99865;181592;145882;265268;0;0;0;0;0
HLCorec4bsTSiyzskDuAqrqD5NXDZeLhdvWqs7wjWRx5;24499;24468;0.1225;1.146;1.2685;1588499666;64839;73078;21737;0;24499;0.7137;0.6396;0.7908;0.7292
CoREENxT6tW1HoK8ypY1SxRMZTcVPm7R94rH4PZNhX7d;169854;168673;0.8493;0.382;1.2312;2877677727;16942;25150;114419;114278;55576;0;0;0.3293;0.155
7FaMyGiTVdjm8dd3PxpjjCX15ibbmuE1zWVFX2PHxYUK;241449;240839;1.2072;0;1.2072;9302943567;38530;40143;231744;241449;0;0;0;0;0
FHKBuiohcYB5n636h7UmHahRGU5UCHX8CSb6DNSUqX65;238876;238517;1.1944;0;1.1944;7393188339;30950;45145;163767;238876;0;0;0;0;0
dRiftyHA39MWEi3m9aunc5MzRF1JYuBsbn6VPcn33UH;234738;210460;1.1737;0.0101;1.1837;40150345762;171043;186748;214998;234650;88;0;0;0;0.0012
CAMMCzo5YL8w4VFF8KVHrK22GGUsp5VTaW7grrKgrWqK;98844;94352;0.4942;0.688;1.1822;7941162943;80340;85101;93315;77780;21064;0;0;0;0.0898
6sbWW8qnrXoNXVMcTGLBQJefuaNcJsuqxztXUegHi4Wq;118644;118358;0.5932;0.5799;1.1731;1091960971;9204;11455;95326;2672;115972;0.5812;0.4715;0.6077;0.6183
Memo1UhkJRfHyvLMcVucJwxXeuD728EqVDDwQDxFMNo;213413;203819;1.0671;0.0767;1.1438;26265340290;123073;144454;181825;203038;10375;0;0;0;0.0044
FarmsPZpWu9i7Kky8tPN37rs2TpmMrAZrC7S7vJa91Hr;32257;32236;0.1613;0.9521;1.1134;2917651420;90450;90726;32159;71;32186;0.1046;0.0791;0.2362;0.3728
G77G9wS9JzkzWNGwQjUhRswbA5N8hYKpCK4TZRj9G1Pw;78492;78492;0.3925;0.7076;1.1;844111433;10754;16080;52493;2394;76098;1.5508;1.5504;1.6192;1.423
F2rSwpfYCTWiBGmPTkk2zbMMiF6A1wRGjBUB1XxzoGBf;202708;202707;1.0135;0;1.0135;3701811968;18262;59434;62284;202708;0;0;0;0;0
AZipysY3PXDM61RJzdnP4UtWR3tVgM9kGdxXwLbjP41S;30796;30433;0.154;0.8576;1.0115;573797616;18632;18772;30567;9354;21442;3.3192;0.0022;3.3342;2.3154
CRSHdMVmWgRsarrRWnRXWKMxJhLEUheiU6SEhqCLS4Gm;100155;100146;0.5008;0.5083;1.0091;476809126;4761;4761;100155;1;100154;1.1277;0.7005;1.6384;1.1691
C7QLEmDz81Usvy2sYa4xZSdA8EwEcYvZo8iuYZMaqXmj;132653;132409;0.6633;0.3041;0.9673;9194775950;69314;98302;93536;71838;60815;0.0024;0;0.073;0.1185
Yt3A8KLfo7JEz8RGHw2zbaQE6MVcf9duKmb24dgXbsD;38285;38281;0.1914;0.7754;0.9669;200646875;5241;7150;28062;81;38204;4.823;2.6658;4.823;4.1941
25uXrrL4p6xd9Uk6jQPiFQoipg4nH48Jk7RNUGEcqbg8;193342;193342;0.9667;0;0.9667;2537833868;13126;26835;94573;193342;0;0;0;0;0
9cqmzK6tbYamubkrZFWANuuzzEGQkjQLEyKgUX8SNnt7;94;1;0.0005;0.9534;0.9538;11720604;124687;308437;38;0;94;8.5648;1.1048;190.4855;184.7949
ARBTRGgcwmy3VS2W9YaauL7FSMBmB41cJ8EkfWGo8D6c;189770;189770;0.9489;0;0.9489;39231239716;206730;238028;164818;189770;0;0;0;0;0
pjwLcQDbzybW1FrHVbvkLzzk836S4TvXmtsqvYWC967;133529;133143;0.6676;0.2743;0.9419;3090623985;23146;23425;131935;78672;54857;0;0;0.2458;0.1047
APR1MEny25pKupwn72oVqMH4qpDouArsX8zX4VwwfoXD;79430;78941;0.3972;0.5399;0.937;11053181829;139156;176312;62691;0;79430;0.0352;0.0316;0.0772;0.0601
whirLbMiicVdio4qvUfM5KAg6Ct8VwpYzGff3uctyCc;66273;57771;0.3314;0.5964;0.9278;2657057803;40093;42577;62406;28416;37857;0.0049;0;0.0836;0.2183
CCTPmbSD7gX1bxKPAmg77w8oFzNFpaQiQUWD43TKaecd;6864;6776;0.0343;0.8417;0.876;1217962306;177442;194159;6273;3202;3662;0;0;0.1198;0.9464
worm2ZoG2kUd4vFXhvjh93UUH596ayRfgQ2MgjNMTth;14493;14387;0.0725;0.7713;0.8437;1169307162;80681;83183;14057;6872;7621;0;0;0.1103;0.9266
PRPLUgjCUxCEzNPP6x7XJVK1WR5XX28Zu8MEyTqvGjF;165376;162496;0.8269;0;0.8269;23321060441;141018;141019;165375;165376;0;0;0;0;0
8aquaCPqbpsWvHdpfhTgfBg8eJWqNZKQgyYzzFXCdRkH;163323;163323;0.8166;0.0001;0.8168;22288644663;136470;174193;127954;21086;142237;0;0;0;0
vVoLTRjQmtFpiYoegx285Ze4gsLJ8ZxgFKVcuvmG1a8;56781;56540;0.2839;0.5222;0.8061;11328393509;199510;201512;56217;37;56744;0.0094;0.0075;0.011;0.0738
2o5Mab8XFN4BYcfrquLJaPGyNiFbUgwNKYBmRVn4UTqj;160633;160586;0.8032;0.0001;0.8033;5639152944;35106;82739;68156;160614;19;0;0;0;0
AnCCJjheynmGqPp6Vgat9DTirGKD4CtQzP8cwTYV8qKH;824;824;0.0041;0.7826;0.7868;97575015;118416;118416;824;109;715;2.5461;0.8692;7.6964;7.9092
2qGyiNeWyZxNdkvWHc2jT5qkCnYa1j1gDLSSUmyoWMh8;152290;152270;0.7615;0;0.7615;19698155172;129346;213845;92114;152290;0;0;0;0;0
VisTAPABATtyG5FGQ3twF7Hk6xAi6qBPS5BLuGoSQ3i;137579;29615;0.6879;0.0725;0.7604;1593492214;11582;11650;136777;123084;14495;0;0;0;0.015
MYstiCRQrXvJAp3DGUdguaZjn7Zq1kwUYRe2sRK2RFY;149857;149857;0.7493;0;0.7493;2913483918;19442;19442;149855;149857;0;0;0;0;0
7wuFcHkbVckS6nMqZ5pg6ykmw5uWTqzvqK1gdb8xGdp4;19594;19503;0.098;0.6405;0.7385;1589593988;81127;81243;19566;13303;6291;0;0;0.0335;0.1367
n1brh2AaBbnMPEjpoCDFs1fzWb5Pa8FC1o8yXp2fAqM;113914;98827;0.5696;0.1553;0.7249;6339658959;55653;66063;95964;83816;30098;0;0;0.0454;0.0153
CyahQUBnG86tAjrjCefx7gJWfbmvG7YVMooaMmCxDLva;16563;12938;0.0828;0.6332;0.716;986477769;59559;92697;10642;2;16561;0.5739;0.1433;1.5026;2.3658
CCTPiPYPc6AsJuwueEnWgSgucamXDZwBd53dQ11YiKX3;8808;8786;0.044;0.6477;0.6917;552708463;62751;63290;8733;0;8808;0.2004;0.1044;0.2236;1.1836
99vQwtBwYtrqqD9YSXbdum3KBdxPAVxYTaQ3cfnJSrN2;88298;83001;0.4415;0.2289;0.6703;1801613802;20404;20852;86399;63109;25189;0;0;0.1466;0.1099
3Wn9MScovnLzVB4B8DxtchiPrX7jSanSgvUqSQfBM3MW;24044;13049;0.1202;0.5356;0.6558;1097845531;45660;46961;23378;10059;13985;0.3558;0;20.9146;10.9953
98DUyVx41ogvrJXi7svM8GbcwTgaitNF1pJ1vZZ6hPHS;6242;5120;0.0312;0.6207;0.6519;595299791;95370;142587;4175;5119;1123;0;0;0;0.6219
FR1SDyLUj7PrMbtkUCkDrBymk5eWrRmr3UvWFb5Kjbmd;3888;3853;0.0194;0.6311;0.6505;145241068;37356;38302;3792;2;3886;5.1647;4.5543;5.4235;4.8701
FL1PkYoxafDzNSHBR48GNnkX54bk6V5YXewiz81ZcWos;122365;122336;0.6118;0;0.6118;1365021775;11155;11199;121892;122365;0;0;0;0;0
wMNFSTkir3HgyZTsB7uqu3i7FA73grFCptPXgrZjksL;111683;111654;0.5584;0.0511;0.6095;6219791428;55691;69704;89231;109680;2003;0;0;0;0.0073
DGgwXnCW9ERZoqEbk47Z1Ny7tHmpptFLzBmq9ydua259;119765;86585;0.5988;0;0.5988;1883674470;15728;16517;114045;119765;0;0;0;0;0
wormDTUJ6AWPNvk59vGQbDvGJmqbDTdgWgAqcLBCgUb;8532;7739;0.0427;0.5431;0.5858;857097712;100457;105762;8104;4230;4302;0;0;0.6087;1.0633
mineyqqBfrwxpHdgjrp7rKeA3QsnpjtLeYo9bbbzQq3;115227;90401;0.5761;0;0.5761;7995580721;69390;152710;52358;115225;2;0;0;0;0
9KuRi5CasX6XWCK846nhfRQmW32g6uuFdfaBkfxjgMpG;57373;57343;0.2869;0.2869;0.5738;6521167382;113663;116704;55878;1;57372;0.0444;0.0418;0.0469;0.0443
REFER4ZgmyYx9c6He5XfaTMiGfdLwRnkV4RPp9t9iF3;6319;4730;0.0316;0.5374;0.5689;201651811;31912;41305;4882;3296;3023;0.7404;0;5.0386;2.6105
Eo7WjKq67rjJQSZxS6z3YkapzY3eMj6Xy8X5EQVn5UaB;14604;12107;0.073;0.4923;0.5654;1396531142;95627;103862;13446;5373;9231;0.1796;0;0.7693;0.3451
SQDS4ep65T869zMMBKyuUq6aD6EgTu8psMjkvj52pCf;90162;89958;0.4508;0.0873;0.5381;3340474371;37050;38984;85689;77108;13054;0;0;0;0.0388
SpLtnk7AMeg3WC8smGfPw43zFdeNeiYQSiecZM5tPBQ;107196;107154;0.536;0;0.536;869032191;8107;8192;106089;107196;0;0;0;0;0
A1oayh35gLkRG8fHcXtfdGJmbsubAeJA7URVVET3h8MZ;73;20;0.0004;0.5139;0.5143;20216554;276939;276939;73;3;70;28.193;25.6867;28.193;25.9762
DEGNpUs8DhLSdDiU25BAmCQn2U6eN8nMAYwbLb41BPqY;11787;11654;0.0589;0.4346;0.4936;746513292;63334;67387;11078;0;11787;0.6917;0.6459;0.7146;0.6857
3Hm8UuHLTrPFU8tvUYDX8ZkzYRszYbVLEJozTBGsXYDJ;93249;92442;0.4662;0;0.4663;1314692000;14099;72022;18254;93248;1;0;0;0;0
TRDwq3BN4mP3m9KsuNUWSN6QDff93VKGSwE95Jbr9Ss;16224;15775;0.0811;0.3843;0.4654;1311580031;80842;82458;15906;0;16224;0.2558;0.211;0.3324;0.3716
FsWxHsafrajWKW5YZTT76D8sYCAVfbA4iNoPxNFQqUet;85735;85735;0.4287;0.0039;0.4326;11221934270;130891;141075;79546;85719;16;0;0;0;0.0005
MNFSTqtC93rEfYHB6hF82sKdZpUDFWkViLByLd1k1Ms;83898;69428;0.4195;0.0087;0.4282;2637143471;31433;38303;68849;82768;1130;0;0;0;0.0033
AQZdYsg36tEn8ZJ7RKSSLbUSLoGPBi71TCLruCDepYom;85441;85427;0.4272;0;0.4272;5388993673;63073;72636;74192;85440;1;0;0;0;0
4TGVS3XzavdmjdEU6axw2Wtzc7iV94HoQo55eHteqrd7;84569;84526;0.4228;0;0.4228;1883761229;22275;22324;84383;84569;0;0;0;0;0
DuvqY5mxjbyc7J8XqDfbGhHXCPdQfCohkr4W5P865fgh;8943;1292;0.0447;0.3777;0.4224;1238085462;138442;246827;5016;0;8943;0.0366;0.0207;0.0666;0.4489
Zen8888uiVAni7eYnYVgGpdUujDyrzrzjG4EXRHDZ5q;20048;19935;0.1002;0.3177;0.418;999536134;49857;51948;19241;236;19812;0.4185;0.2252;0.4209;0.3561
5ifgd2hU3y8k1EhuEW2DZRTkFGHCZ3WHsQ1JHL5MCvxZ;81511;81511;0.4076;0;0.4076;3576787641;43881;52516;68109;81511;0;0;0;0;0
KvauGMspG5k6rtzrqqn7WNn3oZdyKqLKwK2XWQ8FLjd;37409;37400;0.187;0.2104;0.3975;7746583180;207078;209107;37046;10050;27359;0.0082;0.0005;0.0123;0.0698
zapvX9M3uf5pvy4wRPAbQgdQsM1xmuiFnkfHKPvwMiz;31595;31577;0.158;0.2033;0.3613;12945222270;409724;412281;31399;18919;12676;0;0;0.0125;0.0195
65VKabrEQy6UDtcrZKmRGpizaZWw3aANKV5XMb3geJng;70748;66594;0.3537;0;0.3537;2467807941;34882;65305;37789;70748;0;0;0;0;0
HbPEwwAbEqbTJ3H8gJc7VYw1VB7ZMTRAm5u1QvQiUk4E;69595;69595;0.348;0;0.348;1506022054;21640;21649;69567;69595;0;0;0;0;0
magnaSHyv8zzKJJmr8NSz5JXmtdGDTTFPEADmvNAwbj;2569;2330;0.0128;0.31;0.3229;83076919;32338;33059;2513;6;2563;1.3448;0.9681;2.3818;5.6452
voTpe3tHQ7AjQHMapgSue2HJFAh2cGsdokqN3XqmVSj;41364;41082;0.2068;0.1143;0.3211;768574624;18581;19739;38937;683;40681;0.0046;0.0045;0.0177;0.2811
CdqN1SG856NhbZ9EW3RZRkPi7trjHfNx9RKZPUcgqjqf;64018;64018;0.3201;0;0.3201;1523238544;23794;23827;63929;64018;0;0;0;0;0
ajXj7hMUguMEwF2oAsQR7wyV54UcqpubHUAvMGKnHDh;61997;61284;0.31;0.01;0.32;6247965035;100779;131789;47409;61054;943;0;0;0;0.0004
7pz2QJ8RV11pKiKGmCFRonqFnz8UEj7ZJrFdKUA5K1Cp;31090;31061;0.1555;0.1554;0.3109;566275292;18214;22052;25679;1;31089;0.2942;0.2114;0.3831;0.298
opnb2LAfJYbRMAHHvqjCwQxanZn7ReEHp1k81EohpZb;8756;8742;0.0438;0.2564;0.3002;359043180;41005;41048;8747;8569;187;0;0;0;0.2182
DF6c7dTBdZ9cb59pywKAVwy5NMSXiSfmXzYNwYFPNz9F;2071;1931;0.0104;0.2895;0.2998;273296773;131964;132283;2066;0;2071;0.7324;0.3446;1.1865;1.2777
mineWsRs2Rmw2jPMkVbgAbDjV1E23yQ8TEodaX3iza4;59126;58918;0.2956;0;0.2956;3630952921;61410;68209;53233;59126;0;0;0;0;0
MevFXXGBgBMbr2c9G6GWE9Vo8qo8GCVed4jn1npP5tG;57186;57186;0.2859;0;0.2859;8508362508;148784;202036;42113;57186;0;0;0;0;0
strmRqUCoQUgGUan5YhzUZa6KqdzwX5L6FpUxfmKg5m;50907;50870;0.2545;0.0011;0.2557;1280979640;25163;212258;6035;50683;224;0;0;0;0.0003
JB3iGFeeT1K8mWmdVzypBowsyG28DYTSSvdQgcdTfF7P;48928;48922;0.2446;0;0.2446;2687925454;54936;56848;47283;48928;0;0;0;0;0
79NiGoTLeZUH5YUVDJmyiqFHwDUJFUxSpFxbQpacx7RZ;35835;35571;0.1792;0.0646;0.2437;1301896252;36330;42201;30850;23003;12832;0;0;0.1414;0.0502
L2TExMFKdjpN9kozasaurPirfHy9P8sbXoAN1qA3S95;12176;12151;0.0609;0.1729;0.2338;1230359566;101048;108747;11314;2046;10130;0.0772;0.0626;0.0933;1.5794
GovaE4iu227srtG2s3tZzB4RmWBzw8sTwrCLZz7kN7rY;34987;34963;0.1749;0.0531;0.228;1217392046;34796;36604;33258;181;34806;0.003;0.0028;0.003;0.0432
G1gWiF8QpAYsBr55RzPR2QLJ4xesaKv67aZeo9zUrtix;43371;43353;0.2169;0.0021;0.219;3636352567;83843;84920;42821;42951;420;0;0;0;0.0006
G2GMMDKkw3LXXNRNLyLMy3myki3yi7tjdyxbBbGrBqrg;2027;1841;0.0101;0.2065;0.2167;255679781;126137;206861;1236;0;2027;0.0492;0.0131;0.6769;1.0087
CWgkFB7ngUc9cGD1LryyhP7h6xYWtwrAjhSKKCoR1gkz;21333;21333;0.1067;0.1067;0.2133;355057422;16644;18999;18688;0;21333;0.2971;0.244;0.3949;0.3184
ECMijTJd3GQDiS5qtsKcaUZgXNyK6Z99UnDxwtdR9ech;42507;42507;0.2125;0;0.2125;952156800;22400;22400;42507;42507;0;0;0;0;0
GnsXPmmSVJoUS9dB4m9a3819jpZNY7pS4jVUtCfutTwY;42390;42385;0.212;0;0.212;1228639240;28984;29053;42289;42390;0;0;0;0;0
cardWArqhdV5jeRXXjUti7cHAa4mj41Nj3Apc6RPZH2;7596;7583;0.038;0.1706;0.2086;270576368;35621;35890;7539;0;7596;0.5697;0.1423;1.1344;0.6304
BqYjRiMGYHMfKTwwra7Lg8eMxEKF3oJiTkPEwir1hw3s;41247;41201;0.2062;0;0.2062;1882843503;45648;52772;35679;41247;0;0;0;0;0
jup3YeL8QhtSx1e253b2FDvsMNC87fDrgQZivbrndc9;37411;37106;0.1871;0.0084;0.1955;3115583442;83280;84674;36795;36984;427;0;0;0;0.0028
3KHSHFpEK6bsjg3bqcxQ9qssJYtRCMi2S9TYVe4q6CQc;4795;4789;0.024;0.1651;0.1891;63437543;13230;13247;4789;0;4795;2.272;2.0893;2.3723;2.3972
BhJiMfRrxYXDhm73tL5neTJbWkkyfH6DbR8od2smYtJj;37475;37461;0.1874;0;0.1874;2431086422;64872;70597;34436;37475;0;0;0;0;0
Exp715biUyVV6Gu8qdk5jjTWQatwSEvXHG4LPpZP761e;93;84;0.0005;0.186;0.1865;28702204;308626;308626;93;0;93;6.1975;6.1974;6.1975;8.7189
R6yPssVmTujhhE8QPUnVpmuz8yzQaFkkqQxBuxQX53R;134;105;0.0007;0.1801;0.1807;7553052;56366;56366;134;39;95;0.0074;0;74.459;97.1619
CfRi7DTfAzDnU3NQzv2zwUksJ7mw98VQUdfErGo6gzMU;34275;34266;0.1714;0;0.1714;266551545;7777;18560;14362;34271;4;0;0;0;0.0001
oBNKAcrLhfRhYn7QnmjevGAvR7cCs47CAufBSJGhwt3;34247;34242;0.1712;0;0.1712;1164520235;34004;63879;18230;34247;0;0;0;0;0
EhUtRgu9iEbZXXRpEvDj6n1wnQRjMi2SERDo3c6bmN2c;3669;3642;0.0183;0.1506;0.169;59450463;16203;16208;3668;653;3016;11.274;5.7348;12.4813;8.7118
PERPHjGBqRHArX4DySjwM6UJHiR3sWAatqfdBS2qQJu;17094;17009;0.0855;0.0826;0.168;2574073209;150583;187683;13715;17034;60;0;0;0;0.0436
gdrpGjVffourzkdDRrQmySw4aTHr8a3xmQzzxSwFD1a;33405;33178;0.167;0;0.167;1153861695;34542;35718;32305;33403;2;0;0;0;0
HuTkmnrv4zPnArMqpbMbFhfwzTR7xfWQZHH1aQKzDKFZ;33005;32994;0.165;0;0.165;5862544715;177626;177626;33005;33005;0;0;0;0;0
4mtdvZoV3bccQzx6HgGG3XYfffxMaTrHRPL8KqnTM243;30266;30250;0.1513;0.0001;0.1515;212731605;7029;7029;30264;30263;3;0;0;0;0.0002
LanMV9sAd7wArD4vJFi2qDdfnVhFxYSUg6eADduJ3uj;4866;3050;0.0243;0.1266;0.151;542530513;111494;112652;4816;452;4414;0.0731;0.0212;0.7217;0.6135
6xw9f54fZrCFyhRtNBfA9tzuvwzUfe4DUw33JD1uyyfd;29646;29646;0.1482;0;0.1482;46988910;1585;2372;19812;29646;0;0;0;0;0
8kJBErpatzi1AapVvF1AfwspAJ3k611WdQqE48JmVxAv;14713;14622;0.0736;0.074;0.1476;1751462255;119042;120012;14594;0;14713;0.0421;0.0404;0.0437;0.0429
MNRytDTTpyyKbHuUCax5ZP5ZJf2X6iErjuBtS5sn2kc;29295;29295;0.1465;0;0.1465;2585131822;88245;114711;22536;29295;0;0;0;0;0
5noZYmNbF6Y9btiFijLtacZTdLTNCoZ5yfbPKamHzTqA;29230;29230;0.1462;0;0.1462;580907432;19874;22354;25987;29230;0;0;0;0;0
AeKgrTd7wEmuCbaJAbx22HKamgKdjTp9HujUy1oFd7VG;28818;28818;0.1441;0;0.1441;493628508;17129;17129;28818;28818;0;0;0;0;0
raffKWNrQvz5uhFGY4Dw64sn3hSZZjhC4AMtXmdUFy2;24929;24920;0.1246;0.0093;0.134;573475164;23004;23011;24922;24765;164;0;0;0;0.0117
CCTPV2Sm4AdWt5296sk4P66VBZ7bEhcARwFaaS9YPbeC;1308;1264;0.0065;0.1272;0.1338;235931471;180376;181486;1300;875;433;0;0;1.4549;0.475
FW6zUqn4iKRaeopwwhwsquTY6ABWLLgjxtrC3VPnaWBf;24;0;0.0001;0.131;0.1311;2583774;107657;322972;8;0;24;69.6467;26.5175;71.7656;48.138
26DkA98jjctzPkBEteUsN935CR4dsKx3XvjrtE7MeL4a;12995;12995;0.065;0.065;0.13;311628987;23981;26124;11929;0;12995;0.2351;0.1653;0.2932;0.2272
vaU6kP7iNEGkbmPkLmZfGwiGxd4Mob24QQCie5R9kd2;23836;23689;0.1192;0.0095;0.1287;568153218;23836;36502;15565;23453;383;0;0;0;0.0144
A85mbYhhsC5X8Qz1hJbt5RfD4uptLtkgkRQGvhgQ8AT7;25467;25467;0.1273;0;0.1273;300303289;11792;11792;25467;25467;0;0;0;0;0
mERKcfxMC5SqJn4Ld4BUris3WKZZ1ojjWJ3A3J5CKxv;25315;24796;0.1266;0;0.1266;877167236;34650;36130;24278;25315;0;0;0;0;0
DF1ow4tspfHX9JwWJsAb9epbkA8hmpSEAtxXy1V27QBH;12229;10388;0.0611;0.0647;0.1258;2508589123;205134;212215;11821;3523;8706;0.0215;0.0004;0.0243;0.0874
SP12tWFxD9oJsVWNavTTBZvMbA6gkAmxtVgxdqvyvhY;93;93;0.0005;0.1238;0.1243;1536546;16522;16702;92;32;61;124.14;0;125.1156;81.855
Ccip842gzYHhvdDkSyi2YVCoAWPbYJoApMFzSxQroE9C;178;151;0.0009;0.1228;0.1237;39844690;223847;225111;177;5;173;0.6;0.3;8.6916;3.4451
A22URFxrKkdWaQ3q51NbzDc4pGjh29UNU9WdHna5QDa5;10397;378;0.052;0.0698;0.1218;188152102;18097;33231;5662;0;10397;0.3473;0.3452;0.3486;0.4548
CCTPV2vPZJS2u2BBsUoscuikbYjnpFmbFsvVuJdgUMQe;4296;4284;0.0215;0.0939;0.1154;212549943;49476;49557;4289;0;4296;0.1068;0.1009;0.5422;0.4361
85iDfUvr3HJyLM2zcq5BXSiDvUWfw6cSE1FfNBo8Ap29;22662;22661;0.1133;0;0.1133;960912111;42402;42791;22456;22662;0;0;0;0;0
SpLtDgZYG9gn3UPjSsoBb4sjSbafT9ap9eXFU5UnScC;22175;19448;0.1109;0;0.1109;768203370;34643;36349;21134;22175;0;0;0;0;0
rateqk9kmMstT8SdVDyiV81Wuv4snjYyBjYoPkGqywK;3065;3025;0.0153;0.0948;0.1101;281418919;91817;91997;3059;0;3065;0.3295;0.3289;0.3296;0.3378
DeJBGdMFa1uynnnKiwrVioatTuHmNLpyFKnmB5kaFdzQ;21981;19348;0.1099;0;0.1099;621251833;28263;28446;21840;21981;0;0;0;0;0
SPoo1Ku8WFXoNDMHPsrGSTSG1Y47rzgn41SLUNakuHy;21588;21497;0.1079;0.0015;0.1094;1246431154;57737;107377;11608;7702;13886;0;0;0;0.0007
BLzDYkUcxzBv6ne24N2YyPECoYTvDTKaukbbEemKASc4;186;10;0.0009;0.1084;0.1093;31063990;167011;393215;79;0;186;0.8854;0.6059;1.5727;3.5221
Swap2Ex1jbDx4c2kDVgCrUX3GWCHZsFn4n8vecY5ycf;6125;2705;0.0306;0.0786;0.1092;1337147787;218310;462521;2891;747;5378;0.0539;0.0019;0.218;0.1115
22z4B93dSqzBaAkC7GRkihYbW52EpDqHQULWP219W9LR;300;300;0.0015;0.1069;0.1084;56526008;188420;190323;297;0;300;0.9966;0.2204;3.4917;2.1903
ECPPeiMVPo6BeoP67vkhLgDMbMtnVNzpGEQJb1kcTpbE;80;0;0.0004;0.1071;0.1075;2370993;29637;91192;26;0;80;47.665;43.611;50.1291;45.2183
AeDvuJTj2ewCQdPZj7Y26hM89gcUETWaXHRGzcQgDUuz;10653;10653;0.0533;0.0533;0.1065;107268105;10069;10617;10103;0;10653;0.4494;0.4488;0.4532;0.534
B98Jqm7nogHiidnrLZZYvSwTtZScqmzmsEZdKtuddMkT;10547;9421;0.0527;0.0525;0.1052;799691934;75822;94526;8460;49;10498;0.0708;0.0542;0.0753;0.0707
KeyspM2ssCJbqUhQ4k7sveSiY4WjnYsrXkC8oDbwde5;9978;9978;0.0499;0.05;0.0998;125330588;12561;12738;9839;420;9558;0.3974;0.3283;0.5377;0.42
4Wbqb1mAPFfR3oQPfyWJ4vsntNECWXMn8aS7LybkwhWo;19462;19441;0.0973;0.0002;0.0975;1105376086;56797;56826;19452;19426;36;0;0;0;0.0067
741nYipMruTkSC2N1F38yXfMWTDywSCAAhddpXmw6KiX;19346;19346;0.0967;0;0.0967;1577896464;81562;116751;13515;19346;0;0;0;0;0
8hNZpgaL74ozyYhKeFuipGioaoRRKKvS7oMjFBDATmzf;9672;9672;0.0484;0.0484;0.0967;210248852;21738;22162;9487;0;9672;0.2606;0.1844;0.2935;0.2452
FTV2J5PDkJAJynkiDEvX3LXPQ7RTVaHuYGYRDRXoHpXE;19205;16225;0.096;0;0.096;458972410;23899;26598;17256;19205;0;0;0;0;0
Sea3VpnUhM9WqWqUqVGxjqqxzFvkb8abkXaPVKdmyiR;11729;1;0.0586;0.0363;0.0949;2187525825;186506;220139;9937;0;11729;0.017;0.0159;0.0181;0.0169
Dpe4s2p9FfNPvCkQp58iwVVyAStC7JdRbSYSH1qvDFJY;9374;9374;0.0469;0.0469;0.0937;137110400;14627;17354;7901;0;9374;0.3438;0.3438;0.3438;0.342
DLv3NggMiSaef97YCkew5xKUHDh13tVGZ7tydt3ZeAru;18581;18194;0.0929;0.0008;0.0937;187055495;10067;14332;13052;18579;2;0;0;0;0.0041
FCW1uBM3pZ7fQWvEL9sxTe4fNiH41bu9DWX4ErTZ6aMq;2923;2923;0.0146;0.0782;0.0928;124278018;42517;42605;2917;184;2739;0.6595;0.6571;0.6598;0.6205
9ddjzqYhSTMHaBrrKukRXRfy4WzHUPjdX88uPXZ7MXyn;18393;18393;0.092;0;0.092;1206737816;65609;1429784;844;18393;0;0;0;0;0
SMPLVC8MxZ5Bf5EfF7PaMiTCxoBAcmkbM2vkrvMK8ho;2841;2775;0.0142;0.0777;0.0919;78893130;27769;27769;2841;235;2606;1.0555;0.9561;1.1118;0.9818
GKtyK68R4jAVDu9pZrZAdvHq8vo7R51WTRjU5SHt2fMa;9169;9101;0.0458;0.046;0.0918;414282339;45183;70648;5864;6730;2439;0;0;0.2061;0.152
FitAFk15vtx2PBjfr7QTnefaHRx6HwajRiZMt1DdSSKU;4848;4848;0.0242;0.0666;0.0908;71819663;14814;14823;4845;1;4847;0.5922;0.5921;2.3012;1.2448
FEeSA5Er5hR9B6GFnu59MGcWazERt7jfaCkzGuQxs2XT;21;21;0.0001;0.09;0.0901;990318;47158;47158;21;3;18;112.605;112.605;112.605;96.3438
3ZZuTbwC6aJbvteyVxXUS7gtFYdf7AuXeitx6VyvjvUp;8959;8958;0.0448;0.0447;0.0895;86653923;9672;10644;8141;22;8937;0.5663;0.4752;0.609;0.5339
5iF614oQbNriGr34jXMgKC2TUSxGFoqhYVipbn8awvyr;2793;2491;0.014;0.0741;0.088;449519954;160945;219707;2046;91;2702;0.2158;0.0531;0.293;0.8536
swigypWHEksbC64pWKwah1WTeh9JXwx8H1rJHLdbQMB;6405;6377;0.032;0.0544;0.0864;965018974;150667;150902;6395;62;6343;0.031;0.031;0.0589;0.1121
SV2EYYJyRz2YhfXwXnhNAevDEui5Q6yrfyo13WtupPF;203;85;0.001;0.0851;0.0861;26121570;128678;229137;114;67;136;1.0572;0;1.922;2.2816
AtomCf57Gdp49TDf2q6w7ypqEwPEaCCpxbpTdD4RmDQt;15557;15511;0.0778;0.0082;0.0859;2229723636;143326;146557;15214;15511;46;0;0;0;0.0051
9SmGhxjLJfnatg8Xu1Ff2QM7vNMDbsbLWFwBeEzXtnBX;1679;6;0.0084;0.0756;0.084;156937096;93471;143060;1097;0;1679;0.4598;0.4035;0.5081;0.9534
RateFzvQT8Dz2HqDHAQj22ujp8B5kaBm2FUUkSoLgZm;2653;2599;0.0133;0.0707;0.0839;207847347;78344;78403;2651;0;2653;0.3289;0.3286;0.3297;0.3454
6AXRaajKYrh6Q4tKkeD8hXB7D4uUr91wXjhYYHULeLZU;192;20;0.001;0.0817;0.0827;20158122;104990;106095;190;0;192;4.3767;4.3668;4.4207;4.4435
stakevLBn36MxF5qcjXFxChfFDhL9LrLqj4WC3HPpGT;664;587;0.0033;0.0784;0.0817;18922401;28498;28498;664;0;664;3.7557;2.3473;7.052;5.1183
EXBuYPNgBUXMTsjCbezENRUtFQzjUNZxvPGTd11Pznk5;900;885;0.0045;0.0729;0.0774;21908431;24343;24343;900;1;899;4.9299;2.2266;17.5644;9.5203
8Ynw96G4yZQJ1NUX2ZKYmQkkmgXEAeGfkGrahGnWwtxM;15354;15354;0.0768;0;0.0768;262467199;17094;17094;15354;15354;0;0;0;0;0
3Bd9sJ7oUhM3n71CyzFwsFVQW2cnNtLU68aR7kExZT16;11495;11489;0.0575;0.0179;0.0753;681042141;59247;61460;11081;7922;3573;0;0;0.1031;0.0345
6yQ7xPWfRhzNJJLMLyRHXFWVNYPaihaJtMgmXBgFyAdx;228;224;0.0011;0.0732;0.0743;9028374;39598;40305;224;106;122;13.2506;0;15.0235;7.8412
DRSw8uSW9De7eCKSM9qXm7aD2QKrvcJnA7Hf4Uu3ezYM;886;1;0.0044;0.0693;0.0737;101893858;115004;448872;227;339;547;0.002;0;0.0902;0.6718
9w1D9okTM8xNE7Ntb7LpaAaoLc6LfU9nHFs2h2KTpX1H;14690;14690;0.0735;0;0.0735;387162453;26356;27867;13893;14690;0;0;0;0;0
namesLPneVptA9Z5rqUDD9tMTWEJwofgaYwp8cawRkX;14489;14486;0.0724;0.0009;0.0734;584376319;40332;40338;14487;14452;37;0;0;0;0.0041
T1TANpTeScyeqVzzgNViGDNrkQ6qHz9KrSBS4aNXvGT;714;360;0.0036;0.0693;0.0729;99191672;138924;138924;714;3;711;0.2798;0.0483;0.6274;1.92
QuaNTM82oyFNjoJCZwCqJiynjndct7tcEntxPuWL1RL;14348;11258;0.0717;0;0.0717;331740475;23121;39512;8396;14348;0;0;0;0;0
MashGQTqcKDZAMevJKST9RYqJTL2Ae9NpcSuCE9WYqK;13994;13989;0.07;0;0.07;283083336;20229;29574;9572;13991;3;0;0;0;0.0003
Ewkv3JahEFRKkcJmpoKB7pXbnUHwjAyXiwEo4ZY2rezQ;11324;4324;0.0566;0.0123;0.0689;297328248;26256;28847;10307;9196;2128;0;0;0;0.0421
oFrmsC5N3q3h96HW4dwn2LVNREaAXbgqkd45wVPAH8Y;13657;13654;0.0683;0;0.0683;601936060;44075;75036;8022;13657;0;0;0;0;0
prgmQm7H9AiT1DmRJUeCQigJuCoL3gbzavxy8qLJMuN;13613;12101;0.0681;0;0.0681;318752554;23415;26415;12067;13613;0;0;0;0;0
24Uqj9JCLxUeoC3hGfh5W3s9FM9uCHDS2SG3LYwBpyTi;4524;4523;0.0226;0.0441;0.0667;265721440;58736;65513;4056;2613;1911;0;0;0.5728;0.315
3vxKRPwUTiEkeUVyoZ9MXFe1V71sRLbLqu1gRYaWmehQ;936;936;0.0047;0.0616;0.0663;57307493;61226;61291;935;1;935;3.5289;0.7116;3.8554;2.801
4fTHVZvo3mp9GvJmgYNtepnd2pJbPwfYuiZ7t6M476Uy;6595;6595;0.033;0.033;0.066;106968144;16220;16269;6575;0;6595;0.3164;0.2658;0.4081;0.3353
9KLLchQVJpGkw4jPuUmnvqESdR7mtNCYr3qS4iQLabs;12829;12821;0.0641;0;0.0641;65905768;5137;7329;8993;12829;0;0;0;0;0
6LtLpnUFNByNXLyCoK9wA2MykKAmQNZKBdY8s47dehDc;1607;1531;0.008;0.0558;0.0638;813588524;506278;510407;1594;18;1589;0.0197;0.0136;0.0598;0.1986
DKLsYHdYyeeQjyLTUDSRxswMTi1NhUUUWX2wqFHQDXpC;6326;6326;0.0316;0.0316;0.0633;6740494;1066;1066;6325;0;6326;4.7125;4.6598;4.7125;4.6928
AURAsuSzLv3v8SX3Y7emMFzGTWiepJK3Sm4x77GB9n1G;148;92;0.0007;0.062;0.0627;3744643;25302;37076;101;67;81;1.0014;0;41.2998;259.0715
HpNfyc2Saw7RKkQd8nEL4khUcuPhQ7WwY1B2qjx8jxFq;2080;1722;0.0104;0.0523;0.0627;170861875;82145;104375;1637;76;2004;0.1212;0.1121;0.1275;0.2251
2KehYt3KsEQR53jYcxjbQp2d2kCp4AkuQW68atufRwSr;148;88;0.0007;0.0617;0.0624;7331219;49535;64309;114;2;146;11.279;6.2469;30.1141;24.398
5hdrbhMZ7qhAu4Jk7DriTQfrx4UC58cLnQ7MANKp2CoK;344;332;0.0017;0.0606;0.0623;11393985;33122;33611;339;240;104;0;0;14.4906;4.4044
GVGCNqUUrix5RLph9kVtzdMYkZLEvzvHEkYvC6vJ9dzZ;12417;12417;0.0621;0;0.0621;902069207;72648;72742;12401;12415;2;0;0;0;0
CSgoqaRA4ckXXDZRfS87hCSPsAuST7KSeyx8okT49cM;4130;4130;0.0207;0.0413;0.062;77345883;18728;18741;4127;0;4130;0.5673;0.4771;0.6995;0.5551
MAyhSmzXzV1pTf7LsNkrNwkWKTo4ougAJ1PPg47MD4e;12233;12233;0.0612;0;0.0612;2592443331;211922;211922;12233;12233;0;0;0;0;0
TESQvsR4TmYxiroPPQgZpVRoSFG8pru4fsYr67iv6kf;12172;12172;0.0609;0;0.0609;728464156;59848;59848;12172;12170;2;0;0;0;0
EEEEoTnDmkwqpcxNMg4yoa9QFJpp4NEgzGykzi1cHrM9;6086;6086;0.0304;0.0301;0.0606;413775414;67988;68022;6083;62;6024;0.0739;0.0725;0.0744;0.0724
2QKKmkEbkC1rakibHw1A6oRGWabw22W7jr143oVBti78;20;20;0.0001;0.06;0.0601;1205408;60270;60270;20;0;20;54.2829;40.4171;64.8424;52.5159
progSgjc51c45gZ86VbJY2Msi2mN3KbHQPcLdgrJbsB;5920;5920;0.0296;0.0296;0.0592;296215839;50036;50853;5825;0;5920;0.1011;0.0978;0.104;0.1003
EfRMrTJWU2CYm52kHmRYozQNdF8RH5aTi3xyeSuLAX2Y;29;29;0.0001;0.058;0.0581;9574287;330148;330148;29;0;29;6.0588;6.0559;6.0588;6.0579
2K2374VEqxbFJWycxoj8ub2wBk7KwwnNn7M5V7QsL9r2;6976;6967;0.0349;0.023;0.0579;531482504;76187;77509;6857;2379;4597;0.0424;0;0.0476;0.0303
PCKjSaQaZb3AcmjTcb2fcLanh9Mky9ZvuaKqTBxsqWE;5870;5870;0.0294;0.0285;0.0578;140704228;23970;25068;5613;175;5695;0.2079;0.1857;0.2373;0.2036
CrUptMreyezRbdHJbeZ5sMJ9idiSuMUJpdchQzY6NFjL;11547;11543;0.0577;0;0.0577;850621581;73666;148089;5744;11547;0;0;0;0;0
RouterBmuRBkPUbgEDMtdvTZ75GBdSREZR5uGUxxxpb;11502;11502;0.0575;0;0.0575;473567525;41173;708933;668;11502;0;0;0;0;0
ogpTKmVzXDbSEfCr5mq2tq4pfeVHuSEHoRmWAU1fTp8;7989;7968;0.0399;0.0173;0.0572;420580827;52645;68577;6133;4531;3458;0;0;0.2659;0.1037
SAbErai3UvzycbkooTMoQkD3Y7JVr5aEf7tEHBW1AWf;11418;11418;0.0571;0;0.0571;1967948805;172355;188429;10444;0;11418;0;0;0;0
962kiGMxNLM6w1ZtozcJGZTWrBvqqQfWFZFCS6vHgKus;1613;1613;0.0081;0.0483;0.0564;31830438;19734;20859;1526;0;1613;1.5184;1.5184;1.5184;1.5183
JCFRaPv7852ESRwJJGRy2mysUMydXZgVVhrMLmExvmVp;7321;7321;0.0366;0.0194;0.056;141074444;19270;19270;7321;3451;3870;0.1652;0;0.2035;0.1045
XXXXXXHm2pmmxyTeDyzvi4VUXZcLHGwzqvjZhJkbvPf;11064;11063;0.0553;0;0.0553;465081716;42036;42036;11064;11064;0;0;0;0;0
L6pUpkHtq3CLtJRTrZ9GsBxfweZ8iPS6CnDQMdmcbad;10527;10513;0.0526;0.002;0.0546;1521121654;144497;145897;10426;10513;14;0;0;0;0.0014
A1akazamWUPTYbXJyGPXDi27K8RqVXNAZ4g2KzYmw4hq;6658;5972;0.0333;0.0205;0.0538;956830000;143711;243221;3934;2565;4093;0.5509;0;0.551;0.3743
2bag6xpshpvPe7SJ9nSDLHpxqhEAoHPGpEkjNSv7gxoF;10622;10508;0.0531;0;0.0531;57122102;5378;6209;9200;10622;0;0;0;0;0
nTtWMBHa1LvWqPbuhS3uRGPmhxw9XNDKzFmjtwHY4cc;60;60;0.0003;0.0521;0.0524;4678074;77968;77968;60;16;44;0.012;0;0.0518;11.3023
8SDTDjFz1HmP7qzUZE6QaBuUqQ2eHwXabHJQwqDQok48;9192;9183;0.046;0.0019;0.0479;467947561;50908;51457;9094;9183;9;0;0;0;0.0244
B9J9SDcXLBwpRq9JS9q9KJtsaYsermtddMeo9LojTLJQ;9500;9500;0.0475;0;0.0475;243985108;25683;25683;9500;9500;0;0;0;0;0
PCFA5iYgmqK6MqPhWNKg7Yv7auX7VZ4Cx7T1eJyrAMH;7816;7815;0.0391;0.0072;0.0463;273664061;35013;35054;7807;7804;12;0;0;0;0.0376
3NJyzGWjSHP4hZvsqakodi7jAtbufwd52vn1ek6EzQ35;9164;9163;0.0458;0;0.0458;272391925;29724;29727;9163;9164;0;0;0;0;0
3e4dEo9W7dKa2J2YdG9ymYuVSRn9UHnHXo7XiRtbTgXE;8947;8947;0.0447;0;0.0447;33264946;3718;12619;2636;8947;0;0;0;0;0
raTeAJ92EGM17TBENyDNvrsjmhhujvaanXCFKuxF494;969;959;0.0048;0.0396;0.0444;119345836;123164;123164;969;0;969;0.3296;0.3295;0.3297;0.3344
DSzxC6BtqPfVmMCjNacNasdE6LgWYj1aB6VVoAaPubYL;8836;8836;0.0442;0;0.0442;118025574;13357;13357;8836;8836;0;0;0;0;0
pfeeUxB6jkeY1Hxd7CsFCAjcbHA9rWtchMGdZ6VojVZ;6816;6354;0.0341;0.01;0.0441;428740971;62902;66399;6457;4809;2007;0;0;0.198;0.065
bidoyoucCtwvPJwmW4W9ysXWeesgvGxEYxkXmoXTaHy;8665;8465;0.0433;0;0.0433;384114014;44329;44613;8610;8665;0;0;0;0;0
TFPfZhKxtEBoz1um1LcnuzYeKKdHiNbCtmXVuVAFcMU;8658;8655;0.0433;0;0.0433;161208540;18620;18959;8503;8656;2;0;0;0;0.0001
UtyXF479UFC78u1ZV94JtXmnd7njb5FmSYZfFFdP1sT;8576;8576;0.0429;0;0.0429;41550720;4845;4845;8576;8576;0;0;0;0;0
ABysS3ZZpCoz3hy7d8HEaQMSBRE9Ykwb3NDBhj6B8FpB;8352;8352;0.0418;0;0.0418;1027296;123;136;7553;8352;0;0;0;0;0
Fy1YwPariTjcEZMrmDaYDwxPKWTsR7z3HjqyS2zrr87g;6948;3;0.0347;0.0069;0.0417;874330399;125839;190486;4590;0;6948;0.0105;0.0062;0.0134;0.0107
6QwqgT13oVGhFkMhJwRV6f6nQq52Duy2HqovtiMHaNgs;7665;7650;0.0383;0.0024;0.0407;165791812;21630;21633;7664;7661;4;0;0;0;0.0041
VybePyKgr1zqnwrvNPunahVE48G7BrBHqP8Ct89L5gC;3940;3704;0.0197;0.0208;0.0405;132719395;33685;65997;2011;0;3940;0.0893;0.0455;0.2793;0.3605
9zWqf5jhauvxMc9RETXD9xbaMBrJpzPzGB6PR34Ksq6Z;20;16;0.0001;0.04;0.0401;4909524;245476;245476;20;0;20;6.6763;6.6648;6.7493;18.731
4H9AA9ekBHkh7S5nC9PsVdNcG96a3yeVVjisP6sDHGuo;7898;7898;0.0395;0.0001;0.0396;2793315;354;354;7897;12;7886;0.0234;0.0234;0.0234;0.027
snapNQkxsiqDWdbNfz8KVB7e3NPzLwtHHA6WV8kKgUc;7900;806;0.0395;0;0.0395;130226232;16484;21998;5920;7900;0;0;0;0;0
HypvYnf7zWxy1oWsSFpuN4nRDuXNUi88AeEourc7mq4Z;7772;7772;0.0389;0;0.0389;183824036;23652;23842;7710;7772;0;0;0;0;0
AAitAzLaqgPoLsEjdb6RaRbBShxPWpyJRHxokc2Zsat8;205;203;0.001;0.0372;0.0383;7359843;35902;36616;201;140;65;0;0;14.6124;4.6616
BanDz6p8Sy3gzm3r8VUNVGQhR8tzPJFbVgZjzspArU6;7345;7340;0.0367;0;0.0367;450110773;61281;61281;7345;7345;0;0;0;0;0
trsrzhs1sRgiHcKhjMmRrgK3X8Wus3LBWogF7t13wzZ;19;19;0.0001;0.0366;0.0367;1694003;89158;89158;19;0;19;22.218;12.6706;23.3101;21.5639
HYTuofQSW1WQnBKGa7zJfccPjoveLKDxCUiZvjRB5ep7;7299;643;0.0365;0;0.0365;70323552;9635;15669;4488;7299;0;0;0;0;0
DSTNyVLdoKxTYSjzCQ5191wozVChdVD8qCcFWZwMMX37;7254;7254;0.0363;0;0.0363;413311485;56977;57309;7212;7241;13;0;0;0;0
rec5EKMGg6MxZYaMdyBfgwp4d5rB9T1VQH5pJv5LtFJ;3933;3922;0.0197;0.0167;0.0363;346438102;88085;134330;2579;1676;2257;0.0301;0;0.0301;0.2121
9SFU2obpHc5rxsRPJuK2Rs6sVNmK5FVnEr4xwVCdgnqx;18;18;0.0001;0.036;0.0361;4630711;257262;257262;18;0;18;7.7771;7.7675;7.7803;7.7742
CMACYFENjoBMHzapRXyo1JZkVS6EtaDDzkjMrmQLvr4J;7180;7176;0.0359;0;0.0359;230530104;32107;70477;3271;7180;0;0;0;0;0
GekCNWDH4dMHZ8RWgN4w9KycNfb7AdM5cLe6w4E39Y46;7149;7149;0.0357;0;0.0357;1161014788;162402;169590;6846;7149;0;0;0;0;0
6YRZW57XsrT2DxSNLXHHQd4QmiqBode4d6btASkRqcFo;1398;1398;0.007;0.0284;0.0354;52978079;37896;54225;977;0;1398;0.5365;0.5296;0.5385;0.5359
B1sFgxd4X7WSw9622AoWna7YoweSm9oXARL2Dk5vtBAs;34;34;0.0002;0.0352;0.0353;1639620;48224;48224;34;0;34;2.3026;2.2977;2.3026;16.7434
dzrevZC94tBLwuHw1dyynZxaXTWyp7yocsinyEVPtt4;6878;6866;0.0344;0.0002;0.0346;57010327;8289;22200;2568;6639;239;0;0;0;0.0004
5HNxbq5TiMM8YgMHNtLzkMvR6YtJSfkTn857i52aRi1p;17;17;0.0001;0.034;0.0341;4425417;260319;260319;17;0;17;7.6872;7.6811;7.6873;7.6829
FXMNBxE9r4o5SxMi8vJrKNp1CNgtwUspHiPrspTPn96P;3403;3403;0.017;0.017;0.034;195823640;57544;285874;685;0;3403;0.0869;0.0869;0.0869;0.0869
BASKT7aKd8n7ibpUbwLP3Wiyxyi3yoiXsxBk4Hpumate;346;282;0.0017;0.0314;0.0332;38098015;110110;110110;346;3;343;1.4256;0.6037;3.8467;3.6025
3SPZe4P7h5Jjn2cuS5WXS2GpnyLHUQPzAxNLXBGuEb3S;6611;6611;0.0331;0;0.0331;1100636181;166486;166486;6611;6611;0;0;0;0;0
arb1pgEiYNYvJQJwQn8u4PKAnRpJGPSVdAPU5P4KtUX;6504;4414;0.0325;0;0.0325;224133057;34461;34503;6496;6504;0;0;0;0;0
EMBERpYNE6ehWmXymZZS2skiFmCa9V5dp14e1iduM5qy;6451;6360;0.0323;0;0.0323;222248149;34452;39595;5613;6451;0;0;0;0;0
inv1tEtSwRMtM44tbvJGNiTxMvDfPVnX9StyqXfDfks;2111;2100;0.0106;0.0215;0.0321;32067397;15191;16187;1981;1007;1104;0.0981;0;0.7591;0.5663
m72GJdX3FFrx3dJ6gnc4mDNe2a9SpmdsPEsquHP1Hcn;6421;6388;0.0321;0;0.0321;187796167;29247;36059;5208;6421;0;0;0;0;0
noteD9tEFTDH1Jn9B1HbpoC7Zu8L9QXRo7FjZj3PT93;6388;6387;0.0319;0;0.0319;6998452;1096;1096;6383;6388;0;0;0;0;0
BMvZumCsba7rdQZt2b8A2S1RyKgciqekKb4EwGYRUfyh;3149;3149;0.0157;0.0157;0.0315;207772277;65980;66064;3145;4;3145;0.0772;0.0724;0.0779;0.0758
BXsPawZ6SgjwAKsDq5ZN39ApU7vphpr2nRvhz1y8P2WL;5621;5618;0.0281;0.0034;0.0315;189710822;33750;36336;5221;4940;681;0;0;0;0.0184
6bES2dKy1ee13HQ4uW4ycw4Kw4od9ziZeWMyAxVySYEd;6253;6207;0.0313;0.0001;0.0314;184718380;29541;29550;6251;6233;20;0;0;0;0.0003
FQpPbY4Ny2wevcgw9v3bDu43S8V3cRwQuPtvg55dhqRS;89;89;0.0004;0.0307;0.0311;22735341;255453;255453;89;0;89;0.7549;0.3566;1.5573;1.3384
FmmpibCiLk5s9um96xmZGxFcXn5M7dvdZsduf3v4L4Rg;6098;6098;0.0305;0;0.0305;130457928;21394;21394;6098;6098;0;0;0;0;0
nttLq3ZsKu9uAFWuBGksdZTPAjkMRyPkxp61CJPsntA;27;23;0.0001;0.03;0.0301;2090884;77440;77440;27;11;16;0.0066;0;0.012;16.3648
AMMSgtnttAKx5Ad2Y1socKJ3CcQYCB2ctg8U2SAHcVEx;6012;6011;0.0301;0;0.0301;312626654;52000;52122;5998;6012;0;0;0;0;0
GUAx5MKATvSf9udMT6TvZmomQ6Qyr85ZEdaEazk9kZiv;3077;3072;0.0154;0.0146;0.03;35392019;11502;11825;2993;158;2919;0.5184;0.5178;0.5608;0.4891
proVF4pMXVaYqmy4NjniPh4pqKNfMmsihgd4wdkCX3u;712;464;0.0036;0.0264;0.0299;129290156;181587;183651;704;323;389;0.0321;0;0.2698;0.7875
8p6MKtMGGugZMy2HGXtL3uBb11y7xuzXmbMbQgNmWVUQ;5937;4417;0.0297;0.0001;0.0298;138546966;23336;30706;4512;5923;14;0;0;0;0.0015
2e4JmcfcGpLgH4wCWzYxnms5DEiMEJeyE2VbpY4HvMVN;3070;2999;0.0154;0.0144;0.0298;270888800;88237;122964;2203;1969;1101;0;0;0.0386;0.0578
MarBmsSgKXdrN1egZf5sqe1TMai9K1rChYNDJgjq7aD;5516;5490;0.0276;0.0016;0.0292;263798457;47824;48077;5487;5188;328;0;0;0;0.0025
ChainWorksznk6gZyzGHUAxVUNuc79wznbf3DGnVxgyh;574;328;0.0029;0.026;0.0289;57009323;99319;188773;302;548;26;0;0;0;4.9076
Gx4uQRXudq7oacjfCoVMHY1pszPQEGn7BNwmdKX1XTa3;5673;5014;0.0284;0;0.0284;124015209;21861;21903;5662;5673;0;0;0;0;0
6jMi2CRpAA6uah3qzPpCR8SL8MsuAsB9MtCTKkufXkw2;1190;1106;0.006;0.0223;0.0283;103372363;86868;86941;1189;1140;50;0;0;0;0.2895
43mTap3FzFV9ks5wEci9QmkFH23BGiiJPXzUyR5Ceot8;3853;3852;0.0193;0.0087;0.028;127771438;33162;33309;3836;2106;1747;0.0002;0;0.1528;0.0685
SLendK7ySfcEzyaFqy93gDnD3RtrpXJcnRwb6zFHJSh;3431;3413;0.0172;0.0107;0.0279;547513292;159578;159951;3423;59;3372;0.0116;0.009;0.0168;0.0365
BLocKecQFEYSaKyfXx9gbwqYnV1GqSD1VQZ1zLqFsSh;5553;5538;0.0278;0;0.0278;172397059;31046;44103;3909;5553;0;0;0;0;0
RSZE1NgJy3zdmyTWPeT4yKbsUrhAwrh4mXBL1rMvHt4;5561;5561;0.0278;0;0.0278;300870038;54104;114269;2633;5561;0;0;0;0;0
Priority6weCZ5HwDn29NxLFpb7TDp2iLZ6XKc5e8d3;5525;5514;0.0276;0;0.0276;182124831;32964;44825;4063;5525;0;0;0;0;0
xpo8sHWHkfS6NpVsYwE2t5pTvvdTHSdWUdxh2RtsT1H;5528;5528;0.0276;0;0.0276;10890122;1970;5388;2021;5528;0;0;0;0;0
RTMBGKx9bkBMtFgRsob8S4fEhbK5MBkrVAuFkcrw8bc;2745;2654;0.0137;0.0137;0.0275;400308598;145832;146045;2741;0;2745;0.0333;0.0333;0.0333;0.0419
CRhtqXk98ATqo1R8gLg7qcpEMuvoPzqD5GNicPPqLMD;5461;5461;0.0273;0;0.0273;71830822;13153;13153;5461;5461;0;0;0;0;0
5e8WewiqFEkSHQojtdCHMuuEQ6K7x3QWax5fpNMiH7KX;3935;3933;0.0197;0.0076;0.0272;214469363;54503;56114;3822;2691;1244;0;0;0.1676;0.0617
GFzXiEhiRauw6k59L15zz4UJ9ZANaF5gpPtxEaYCo8jv;5385;2387;0.0269;0;0.0269;286885056;53275;53424;5370;5385;0;0;0;0;0
C984fX81weV2zrfG97Hc6aKHk2YyPr2uZbQdo3GRungW;5225;5220;0.0261;0;0.0261;162772736;31153;35625;4569;5224;1;0;0;0;0.0002
8VWm29HWNAftJJnGpL7rqVcyShbB1TSZmweaMec7V7no;5225;4828;0.0261;0;0.0261;97816605;18721;18750;5217;5225;0;0;0;0;0
EMa5knjCt8rrNXvVUiSHLPkrkxHvMNrg2R2HDchRDzDY;5058;5009;0.0253;0.0006;0.0259;158064284;31250;31269;5055;5057;1;0;0;0;0.0025
raTEMK3K8ahgwLuWUHEvp7aJXjVmcbNgj8XmQVMgt5q;603;599;0.003;0.0228;0.0258;68574393;113722;113722;603;0;603;0.3296;0.3295;0.3296;0.3332
raTEkEMFeDsvsELyQ5CMk4dS8Yhh3wyXXRL6QESd7p2;799;786;0.004;0.0215;0.0255;60796708;76091;76091;799;0;799;0.3294;0.3286;0.3297;0.3666
3w1ggZZ4hbi5sfLKSvz3pgh6S6nMQBSBtuzCyFHgnbKi;5071;5071;0.0254;0;0.0254;130634141;25761;25761;5071;5071;0;0;0;0;0
NTTB7GBM1e559QnE2AtppjjuRmA9gHYMuqauLC2DiXn;58;55;0.0003;0.025;0.0253;4040654;69666;69666;58;46;12;0;0;0;6.5539
AUREUSL1HBkDa8Tt1mmvomXbDykepX28LgmwvK3CqvVn;5064;4942;0.0253;0;0.0253;181942324;35929;36943;4925;5064;0;0;0;0;0
EoV4Bsncqw1MDobAyobTkvu2dFJqP3PLa5jidoF74eSa;4990;4559;0.025;0;0.025;286345778;57384;64872;4414;4990;0;0;0;0;0
RatEqyzDoJW8bAk2dBp9rTZCYykhLxt4P7CDxodKK1L;614;606;0.0031;0.0216;0.0247;64236109;104619;104619;614;0;614;0.3296;0.3289;0.3297;0.3369
inscokhJarcjaEs59QbQ7hYjrKz25LEPRfCbP8EmdUp;4920;4918;0.0246;0;0.0246;133250902;27084;28830;4622;4920;0;0;0;0;0
DbTjBdpz5Mz4QTEm1EyHkyQQ6gsS3btRAvydoE8bZfAx;4826;4825;0.0241;0;0.0241;192765820;39943;40051;4813;4826;0;0;0;0;0
zoRabwLGd5zXaV7Gxacppw8tcceXEiTrSKyNLSaSTUc;2356;2355;0.0118;0.0117;0.0234;406916764;172715;173156;2350;24;2332;0.0327;0.0266;0.0345;0.0299
E22mM2hSBAb786m9c9mfdgCopdHVaXqeGF8fuNC7rgFJ;4685;4685;0.0234;0;0.0234;8186787;1747;3342;2450;4685;0;0;0;0;0
unpXTU2Ndrc7WWNyEhQWe4udTzSibLPi25SXv2xbCHQ;2313;2313;0.0116;0.0116;0.0232;328507389;142027;346893;947;3;2310;0.0355;0.0351;0.0357;0.0353
8r2jms1vAnHhtCWxDNSgiHvQNSzzJvGa9oBRCbBPCBNN;2308;2308;0.0115;0.0115;0.0231;44915260;19461;19511;2302;0;2308;0.2698;0.2419;0.2998;0.264
DERP2sf1Nak1R7s5HVgQD9WcQM1X9CKh5Ru5PNafAsPg;4572;4544;0.0229;0;0.0229;725992148;158791;159034;4565;4572;0;0;0;0;0
AButzjf4rTRL7WerjnruW6Vbvab9iFujcJCsm4E3nwc8;4356;4355;0.0218;0.001;0.0228;95355794;21891;21891;4356;0;4356;0.0102;0.0102;0.0102;0.0108
45DJvdkD7fiTrhsrNxaWd8jAiWJ1G5S98W7n4Wg8gJdW;2982;1980;0.0149;0.0074;0.0223;53567254;17964;26297;2037;1498;1484;0.0611;0;0.2115;0.1051
AMMJdEiCCa8mdugg6JPF7gFirmmxisTfDJoSNSUi5zDJ;4420;4420;0.0221;0;0.0221;134501004;30430;30437;4419;177;4243;0;0;0;0.0001
2LpxztCB9YjLxPwp8XdkYPtEaQBEkB3ejuDbYtHbkEZ8;2201;2201;0.011;0.011;0.022;54508445;24765;28479;1914;1;2200;0.2017;0.2017;0.2017;0.2017
6k9DQREaFRtefjzMt98tKSVcNUnxLDxma7avzu739q4H;4386;4385;0.0219;0;0.0219;96623060;22030;22202;4352;4386;0;0;0;0;0
srtJ3oQoazxhiiFj6CdEowvkTgUxvn6NQNmJ5VrwkD9;4381;4381;0.0219;0;0.0219;128044253;29227;29227;4381;4381;0;0;0;0;0
CMAGAKJ67e9hRZgfC5SFTbZH8MgEmtqazKXjmkaJjWTJ;2179;2146;0.0109;0.0107;0.0216;156501714;71823;104265;1501;68;2111;0.0674;0.0674;0.0675;0.0681
PHYSJkZ4KNpK4Lp5pg89xfab5mSer9NxRfr6YzuRdNQ;4176;4176;0.0209;0;0.0209;656632892;157240;157240;4176;4176;0;0;0;0;0
GfyUP9mziko4u381SeLBb4D2ijTH4a9ruzBiA2hQAmwr;4104;4104;0.0205;0;0.0205;86506453;21079;42910;2016;4104;0;0;0;0;0
fish3HxLMRkCyRMobeJyDy9ymXojx1Q1G1mbXSzpsvS;3251;3251;0.0163;0.0041;0.0204;18383076;5655;7150;2571;2432;819;0;0;0.3014;0.1399
B1osUCap5eJ2iJnbRqfCQB87orhJM5EqZqPcGMbjJvXz;3526;1564;0.0176;0.0027;0.0203;42489920;12050;14369;2957;3522;4;0;0;0;0.0972
DCA265Vj8a9CEuX1eb1LWRnDT7uK6q1xMipnNyatn23M;3447;3427;0.0172;0.003;0.0202;323367658;93811;94913;3407;3441;6;0;0;0;0.0087
2snGap4Sehqid8zhufpTmGZbPxWsD1c6ab7rcMaocoou;10;9;0.0001;0.02;0.02;3206702;320670;320670;10;0;10;5.6749;5.6725;5.6777;10.8422
GovER5Lthms3bLBqWub97yVrMmEogzX7xNjdXpPPCVZw;1280;1273;0.0064;0.0136;0.02;58453084;45666;45666;1280;644;636;0.0598;0;0.9036;0.4304
mnCk3moW6q9UszVev3C9JjtE4YoviXgLwiLCnUy3c4D;3932;3889;0.0197;0.0001;0.0197;68888356;17520;17524;3931;3906;26;0;0;0;0.0005
RAkd1EJg45QQHeuXy7JEWBhdNvsd64Z5PbZJWQT96iB;3873;3873;0.0194;0;0.0194;27935286;7213;7311;3821;3873;0;0;0;0;0
NttMjdaP1RnzrqFMjspEBaqRv7N2X2JTbVmLMSXGHhK;395;395;0.002;0.0175;0.0194;31759959;80405;80405;395;143;252;0.0086;0;0.012;0.5421
2BKVtbJPi42KRjGQ6LmNApvHvXo89PW1iwnMgimhQeyP;3857;3857;0.0193;0;0.0193;487154961;126304;126929;3838;3857;0;0;0;0;0
A95jD3nCCc9AeXhbYEYLeJ1owLG8hErfuLri9W1BRqTf;10;6;0.0001;0.0192;0.0193;2661540;266154;266154;10;0;10;4.7342;4.7326;61.4817;27.2458
CFjLE5589EiPZvPFiSx7QgktBH8ZTkkGJU2dL7qbJU2a;581;581;0.0029;0.0163;0.0192;30106317;51818;51818;581;0;581;0.4998;0.4389;0.5715;0.605
BHMPLPwX2DgxNe9EiyNqMqTfYXtRfaQLpD3USaYnQexp;2295;2288;0.0115;0.0076;0.0191;153710834;66976;104352;1473;767;1528;0.1392;0;0.2258;0.1227
Vk8So9iUmmJeuWhdDmdGox8xono1UJ7KUPA5vWq7MAA;3749;3749;0.0187;0;0.0187;1144225064;305208;305208;3749;3749;0;0;0;0;0
HLZs9XgTLYAcb76gXUXuMW5JYugBpvxBSD1m5zarTgS7;3599;3592;0.018;0;0.018;77348744;21492;21504;3597;3599;0;0;0;0;0
8zPmKwY3Wv9yVoP6xZnzkAUJX5BeqM7aVMDZio4PBDyb;9;9;0;0.018;0.018;2381283;264587;264587;9;0;9;7.5594;7.5594;7.5595;7.559
Vote111111111111111111111111111111111111111;2267;2266;0.0113;0.0067;0.018;5343788;2357;2405;2222;897;1370;2.381;0;2.381;1.3668
DDZDcYdQFEMwcu2Mwo75yGFjJ1mUQyyXLWzhZLEVFcei;3590;3500;0.018;0;0.018;127947010;35640;41101;3113;3590;0;0;0;0;0
4TyRczJ6eu2cv34uQQorQhS1m91PcEBMCRonmYZomiUA;3492;3491;0.0175;0.0003;0.0177;82466301;23616;23643;3488;3440;52;0;0;0;0.0034
EKLFRXRLJo1tFnTMdShD1y8nMQcArtxchktBQjVHXPSX;3475;3437;0.0174;0;0.0174;45243224;13020;13125;3447;3475;0;0;0;0;0
7mSqZcYPUGm99M6sGpNRHjorbB1NPF3ThyTpEjhkKzKF;3443;3443;0.0172;0;0.0172;66942259;19443;19449;3442;3443;0;0;0;0;0
GasB9dNMfXGXysMeTjQnnAnN38RmbrphtH5dkkWnMMvQ;3384;3384;0.0169;0.0003;0.0172;27139040;8020;8020;3384;1;3383;0.0083;0.0056;0.0109;0.0094
traderDnaR5w6Tcoi3NFm53i48FTDNbGjBSZwWXDRrg;2900;2882;0.0145;0.0026;0.0171;182982055;63097;66782;2740;2097;803;0;0;0;0.0157
BHidyz25KWkNPdTHgeANzMg25MM2KEiNnG4yE5F46XUz;3428;3334;0.0171;0;0.0171;66769201;19478;19478;3428;3428;0;0;0;0;0
LockrWmn6K5twhz3y9w1dQERbmgSaRkfnTeTKbpofwE;3253;3016;0.0163;0.0007;0.017;250230156;76923;76923;3253;3106;147;0;0;0;0.0023
32Jr4JnXWvqq9GqPQynkooHsszaucUUvZfNLh2hdX2L5;3379;3379;0.0169;0;0.0169;111757831;33074;33361;3350;3373;6;0;0;0;0.0003
DmfUp9sjqVW4uf89X5T1bq1rWw1MzuWjZvZpDpjnW6Ju;2548;2547;0.0127;0.0039;0.0166;112182258;44028;44131;2542;1768;780;0;0;0.1059;0.0342
HQ2UUt18uJqKaQFJhgV9zaTdQxUZjNrsKFgoEDquBkcx;2283;2281;0.0114;0.005;0.0164;280464260;122849;220838;1270;2233;50;0;0;0;0.34
AgdxtGStJsyCZAZvZChtnTtaK774e3Yf2QWdq8gSfLuc;3277;3277;0.0164;0;0.0164;191444002;58421;58456;3275;3277;0;0;0;0;0
C4PcYp1KVrU6sXkiYGwc9rAHZXnVTfqsM1Ek5zFw4DEf;3262;3262;0.0163;0;0.0163;235715843;72261;73823;3193;3262;0;0;0;0;0
FBLPCK5w3wxpfxsdZfBcRfQCSXcC9x2cmocYHb5K6EZc;8;8;0;0.016;0.016;2436836;304605;304605;8;0;8;6.5693;6.5607;6.5697;6.5659
D8C8iW6zmoKg5TRr8nQ7h14TMWqQX8FiBdj2ju5MF3wa;419;419;0.0021;0.0138;0.0159;45942183;109647;109647;419;274;145;0;0;0.0327;0.1799
23YJWaC8AhEufH8eYdPMAouyWEgJ5MQWyvz3z8akTtR6;3158;3158;0.0158;0;0.0158;42103528;13332;13341;3156;3158;0;0;0;0;0
HmaXyMUBP1J84LafYVRus1PS498F2FXJNCxtbTrNnkGf;3137;3133;0.0157;0;0.0157;270565292;86250;86859;3115;3137;0;0;0;0;0
NtttGjhSzBsofYFWRYkKLV9n4og1nxVoTtBNVbnu8mf;114;112;0.0006;0.015;0.0156;9129499;80083;80083;114;102;12;0;0;0;1.7726
44gjgndDaSHTAXxXuQYMEJJ4VkoE8b97o6P59Hhv8DB4;2195;2183;0.011;0.0046;0.0155;132453205;60343;60509;2189;1283;912;0;0;0.0561;0.0235
Arcj82pX7HxYKLR92qvgZUAd7vGS1k4hQvAFcPATFdEQ;3090;1051;0.0155;0;0.0155;211296293;68381;126298;1673;3090;0;0;0;0;0
nttu74CdAmsErx5daJVCQNoDZujswFrskMzonoZSdGk;1311;1311;0.0066;0.009;0.0155;96853275;73877;74445;1301;0;1311;0.012;0.0079;0.012;0.0934
BSfD6SHZigAfDWSjzD5Q41jw8LmKwtmjskPH9XW1mrRW;3052;3052;0.0153;0;0.0153;245109220;80311;88487;2770;3052;0;0;0;0;0
chopmfFa3T1CzZj9WUgq5e18aMvjufSHGfPTvyKkydL;3052;3050;0.0153;0;0.0153;58523425;19175;19182;3051;3052;0;0;0;0;0
WattJi1TzD85VrBjrSspQUQQau1cZ8kzxZr3i6VNnhg;2302;2301;0.0115;0.0037;0.0152;268802444;116769;116820;2301;1563;739;0;0;0.0286;0.0096
FLEET1qqzpexyaDpqb2DGsSzE2sDCizewCg9WjrA6DBW;3035;2964;0.0152;0;0.0152;473921644;156152;158502;2990;3030;5;0;0;0;0.0002
nTT36HayeWMJjdK6D4L3E5t4Z6oEyASVDDALFXVTJND;15;15;0.0001;0.015;0.0151;1087551;72503;72503;15;9;6;0;0;0.012;14.5287
BDHztFsD45xQDfwEg2rGyZjQPaMeDm9Lxg25LBxBeyA1;2515;2512;0.0126;0.0025;0.0151;197683475;78602;78633;2514;2012;503;0;0;0;0.009
fUSioN9YKKSa3CUC2YUc4tPkHJ5Y6XW1yz8y6F7qWz9;1705;1573;0.0085;0.0066;0.0151;86602112;50793;62664;1382;0;1705;0.0621;0.0596;0.0705;0.0722
rateE3GompDX8X8a6WEqwve7kge6YwCGEhN8krmTFjB;376;373;0.0019;0.0131;0.0149;38663724;102829;102829;376;1;375;0.3296;0.3292;0.3296;0.3354
HfxJdaQDzgoeSqX1amL69myyZQqrab5M9wjbotV8i6N2;1488;1488;0.0074;0.0074;0.0149;8523964;5728;40590;210;0;1488;0.8699;0.8699;0.8699;0.8729
optsy31cq14ExqAA8atvvtv7JRHMCtojXja8DjEXa6N;2953;2953;0.0148;0;0.0148;26191132;8869;8869;2953;2953;0;0;0;0;0
EG1BjZMraQcrHoPkR4qXs2T2trCarQH5nfJV7VjUUnkN;2940;2940;0.0147;0;0.0147;19863161;6756;6756;2940;2940;0;0;0;0;0
BMBpXq5RaoRf5pGsQpuwjcozaLF2TuNCmYKKcFJjFiFS;2924;2924;0.0146;0;0.0146;383433608;131133;132906;2885;2924;0;0;0;0;0
rAte14X4CFgBXqPLEhmcLxkXVRoFthL3fcbBHVuvmxo;340;339;0.0017;0.0127;0.0144;37111015;109150;109150;340;0;340;0.3296;0.3295;0.3297;0.3459
BidUuhFU1wyjgmpTv4YMQrqzersavZLJRnsgpw3i4k88;2853;2815;0.0143;0;0.0143;121663479;42644;42659;2852;2853;0;0;0;0;0
CREWiq8qbxvo4SKkAFpVnc6t7CRQC4tAAscsNAENXgrJ;1406;1404;0.007;0.007;0.0141;596979787;424594;525048;1137;0;1406;0.0078;0.0069;0.1382;0.0545
EG67mGGTxMGuPxDLWeccczVecycmpj2SokzpWeBoGVTf;2821;2821;0.0141;0;0.0141;362626247;128545;128545;2821;2821;0;0;0;0;0
EAA5YxYCFjLo8werxQDJDV6TRjbdXNkq89o5qmsyuBcm;158;157;0.0008;0.0132;0.014;9526286;60293;60293;158;0;158;1.4045;1.1768;2.1028;1.5814
5tLEJ7TDNdCkoHBEQWYkkiaevrAVdhiJzcmTUEcaTu9;7;7;0;0.014;0.014;1766640;252377;252377;7;0;7;7.9247;7.9247;7.9247;7.9246
EW9GwxawnPEHA4eFgqd2oq9t55gSG4ReNqPRyG6Ui6PF;2779;2779;0.0139;0;0.0139;15928653;5732;5732;2779;2779;0;0;0;0;0
57GQDhcco4bv4Ngcg7gc6huEYepnGU4PZAGHQCFJmjNW;2699;2694;0.0135;0.0004;0.0139;171552622;63562;64469;2661;2618;81;0;0;0;0.0016
NBSVPf3v6um9fFvazQhidd7ePCkJ82gh2ATYMo1Dcbp;1352;1340;0.0068;0.0065;0.0132;108383789;80166;80403;1348;55;1297;0.0455;0.0418;0.1821;0.1065
foRGEL4EUjeQMd8U2QL5Rx8je75ZFpmtLoWRyyAxxr7;1301;1298;0.0065;0.0067;0.0132;155770868;119732;123334;1263;187;1114;0.0379;0.032;0.0486;0.0368
CRGhjZGv6ttKt8AiqEZd2ZBW7Kp14zXUKjUykoR29LbN;1419;1418;0.0071;0.006;0.0131;87458673;61634;61677;1418;218;1201;0.0765;0.0662;0.115;0.0839
goonuddtQRrWqqn5nFyczVKaie28f3kDkHWkHtURSLE;2592;2592;0.013;0;0.013;13006897;5018;5018;2592;2592;0;0;0;0;0
prm1azdDGzyqP76s3Hv2nuG3uLnBgR5u2d7pANwmmzC;2581;2581;0.0129;0;0.0129;100486505;38933;38933;2581;2576;5;0;0;0;0.0005
brcXo6HSsYdF37owe2szAT77yXBqmC2osTwJ2LhZAXz;21;21;0.0001;0.0127;0.0128;782351;37255;37255;21;0;21;16.4019;16.4019;16.4019;16.1952
eUSXyKoZ6aGejYVbnp3wtWQ1E8zuokLAJPecPxxtgG3;2510;2509;0.0126;0;0.0126;83577036;33298;39018;2142;2510;0;0;0;0;0
fragnAis7Bp6FTsMoa6YcH8UffhEw43Ph79qAiK3iF3;1273;1243;0.0064;0.006;0.0124;186579720;146567;146567;1273;1186;87;0;0;0;0.0302
ZUPYzr87cgminBywohtbUxnaiFMwXNy8A5pD9cCcvVU;2433;2433;0.0122;0;0.0122;251037932;103180;109242;2298;2433;0;0;0;0;0
Ga71KgdYh4vWoRZrmtFbqNVGWGA3njQPS58vV8z8PSdp;2441;2441;0.0122;0;0.0122;48698368;19950;21828;2231;2441;0;0;0;0;0
JBBrJmCunztkrb2vtn2GE1YmbVdjbaRc3x7mUG2Qq5CQ;2430;2430;0.0122;0;0.0122;208660937;85869;85869;2430;2430;0;0;0;0;0
HMq2uadrCJru2bhP1DJrVmjLM7pySS9rP5FGQjg5GULP;1256;1246;0.0063;0.0057;0.012;64852385;51634;51675;1255;115;1141;0.0766;0.0676;0.1536;0.0982
mine9YMaEywEJyysaDLjYngt8pYXxQDsdakUewPEW8S;72;26;0.0004;0.0116;0.0119;10653475;147965;213070;50;0;72;0.7865;0.5591;1.2733;1.2231
RAte2gSaXmo5YSbpGHDKpK64J7frAmonHBpi4odtyRV;473;472;0.0024;0.0095;0.0118;27509983;58161;58161;473;0;473;0.3287;0.3285;0.3294;0.3512
8yvD3vvuJdXCaxuVKSc81SNgox3vcXfXgLCJii8WKBvU;2184;2179;0.0109;0.0008;0.0117;345673638;158275;170367;2029;2179;5;0;0;0;0.0019
pyti8TM4zRVBjmarcgAPmTNNAXYKJv7WVHrkrm6woLN;1241;1235;0.0062;0.0055;0.0117;251570788;202716;203701;1235;1217;24;0;0;0;0.0828
save8RQVPMWNTzU18t3GBvBkN9hT7jsGjiCQ28FpD9H;2337;2331;0.0117;0;0.0117;154102248;65940;66195;2328;2337;0;0;0;0;0
UMBRAkrfUTHuPAjDQXgmpoQjGGyhtqiRqWNrMroEijV;2324;2297;0.0116;0;0.0116;94906180;40837;47692;1990;2324;0;0;0;0;0
CndyV3LdqHUfDLmE5naZjVN8rBZz4tqhdefbAnjHG3JR;2289;2289;0.0114;0;0.0115;92850776;40564;41048;2262;2288;1;0;0;0;0.0005
LocpQgucEQHbqNABEYvBvwoxCPsSbG91A1QaQhQQqjn;2232;2232;0.0112;0;0.0112;308659961;138289;162795;1896;2232;0;0;0;0;0
HumaXepHnjaRCpjYTokxY4UtaJcmx41prQ8cxGmFC5fn;2235;2235;0.0112;0;0.0112;132350312;59217;59217;2235;2226;9;0;0;0;0.0004
mgrfTeJh5VgHt67LQQVZ7U2gPY88En94QMWz64cV2AY;2225;2225;0.0111;0;0.0111;10324737;4640;4640;2225;2225;0;0;0;0;0
BBbD1WSjbHKfyE3TSFWF6vx1JV51c8msKSQy4ess6pXp;68;68;0.0003;0.0108;0.0111;2951507;43405;43405;68;0;68;2.5124;2.4234;6.3496;3.5635
JPDGXJky3iRkPmJx3cixg5cxJGGwP9kXBJzMpT5GLir;2220;2220;0.0111;0;0.0111;91457702;41197;81441;1123;2220;0;0;0;0;0
4fjiA3BqRSYybXfpMuFzGhq5rSMkUPthGqWQEYKKKXkY;1151;1149;0.0058;0.0052;0.011;45680021;39687;41116;1111;107;1044;0.122;0.1137;0.1317;0.1172
BkSqG9ni5R47X7QynNTzhQoHve5TCX4qHPQxsmLV2sfV;2174;2174;0.0109;0;0.0109;16637846;7653;15681;1061;2174;0;0;0;0;0
EQYRmLmkE7G7a2WQyojwrXg4SeguypCdnbm3ecncizsd;1407;1405;0.007;0.0038;0.0108;23835843;16941;19254;1238;646;761;0.1527;0;0.185;0.1495
2M5kinPh6R6ow4287N3SLWLx9mWFKpBq1QfnsGGhQ2no;2135;2134;0.0107;0;0.0107;62682758;29360;29429;2130;2135;0;0;0;0;0
9vJvSurs8pwRR4PzPYkTJ76As9srzXQu8zTTHGfAoSRm;2117;2071;0.0106;0;0.0106;115453611;54536;55883;2066;2117;0;0;0;0;0
DSw5ibYPfvZH3VxCCwBWFNndu1pGTAkKfb6M1h9zwD8E;2125;201;0.0106;0;0.0106;38210800;17982;31320;1220;2125;0;0;0;0;0
BhdU135mdBb1V7jcKdAZoFueNMLMeAtAbBgUZehqRte7;2078;2078;0.0104;0;0.0104;77319233;37208;117865;656;2078;0;0;0;0;0
nttmCZuaoLZ2TEyuo1qytxUJwW9v5Um7bhUgY9zhS6M;37;34;0.0002;0.01;0.0102;2408750;65101;65101;37;27;10;0;0;0.0047;3.6413
tuktukUrfhXT6ZT77QTU8RQtvgL967uRuVagWF57zVA;2019;1956;0.0101;0;0.0101;279558792;138464;334801;835;0;2019;0;0;0;0
NtTtwqVX4SCNECrZ8ZmEaxAPFcm5r7Szx4tBmYLU17p;9;9;0;0.01;0.0101;689801;76645;76645;9;4;5;0.015;0;0.4363;14.7531
NTTLfv5maZDudMfd9gNjn99dcEgRMY3E5johLyE4Pm2;28;28;0.0001;0.01;0.0101;2092673;74738;74738;28;26;2;0;0;0;4.8299
2DkBHDXSGeDtZMrW1SvFV3pJAEr8LYRN2UjJ89LKGg2P;204;204;0.001;0.009;0.01;10252981;50260;50260;204;0;204;0.5659;0.3034;0.911;0.888
TokExjvjJmhKaRBShsBAsbSvEWMA1AgUNK7ps4SAc2p;745;743;0.0037;0.0062;0.0099;37606430;50478;53342;705;387;358;0.0087;0;0.3458;0.3926
iLEPWontSkuaCDeg8psrxB3mVHAA39fWWRtinSJcrtJ;1982;1982;0.0099;0;0.0099;42392625;21389;22312;1900;1982;0;0;0;0;0
4XKv23WzTb9ZpwLCxfQ3k2ChFmQwrUuuazpDKq3ikVSJ;1516;1446;0.0076;0.0023;0.0099;101307401;66825;67764;1495;1112;404;0;0;0.0431;0.0142
42C9thies2WottySPmi2k93Nq2eP7TUtPZxHVAhicxMP;1959;1340;0.0098;0;0.0098;34086101;17400;17643;1932;1959;0;0;0;0;0
migK824DsBMp2eZXdhSBAWFS6PbvA6UN8DV15HfmstR;265;264;0.0013;0.0084;0.0097;22081728;83327;83643;264;251;14;0;0;0;0.4073
CZcvoryaQNrtZ3qb3gC1h9opcYpzEP1D9Mu1RVwFQeBu;1898;534;0.0095;0;0.0095;12633216;6656;6656;1898;1898;0;0;0;0;0
DHFkF589sftXMvirmVGoMPk9rjzvUEiRTJvdT7yYXdmu;1908;1908;0.0095;0;0.0095;18725955;9814;9814;1908;1908;0;0;0;0;0
GpQUqzphxhR5vpyihR27X45iSGeSKruzd8BHj2WU4fYx;1907;1869;0.0095;0;0.0095;67152973;35214;39225;1712;1907;0;0;0;0;0
SRSLY1fq9TJqCk1gNSE7VZL2bztvTn9wm4VR8u8jMKT;1888;1766;0.0094;0;0.0094;180006579;95342;96260;1870;1888;0;0;0;0;0
CM9y2DreJSMqzoRRrLkWEZzTB9ve5D4gQHcPPxrw8mxg;1866;1865;0.0093;0;0.0093;10830745;5804;5804;1866;1866;0;0;0;0;0
oxp5daG6BinG1AL2W83RQmmN8tcXJqrqy3bYprLMRV8;990;987;0.005;0.0044;0.0093;36146968;36512;37265;970;115;875;0.1994;0.101;0.2266;0.1642
RUsHe5Kt19Koe2stiQuTRS4wkev5QjY5AyatokniGeY;1822;1808;0.0091;0;0.0091;162089341;88962;89207;1817;1822;0;0;0;0;0
3JewDFh1NBryPrfcxKpepHks4cUyQPZWsf3DoK1r93ou;1826;1822;0.0091;0;0.0091;187537647;102704;103270;1816;1826;0;0;0;0;0
axjx66xJAyWxVTu73uCjqzSsAopBbqEbyetD5SUFTex;1814;1814;0.0091;0;0.0091;17673810;9743;9743;1814;1814;0;0;0;0;0
AUMinudJ3Qnq75vEev6Q39HpbBhAum4raVWct3s4QcZD;1364;1364;0.0068;0.0022;0.009;91733188;67253;84005;1092;919;445;0;0;0.1458;0.0504
3am45Ut1oBZZU9qKuodfe4Ck1HB4wkAp7bDkonBhbeAe;124;97;0.0006;0.0084;0.009;7087875;57160;57160;124;110;14;0;0;0;1.1801
48EWpApsQihHzvnq8hRrhn51PJWB1r41HmEyfxLWoNNC;889;889;0.0044;0.0044;0.0089;98196964;110458;110458;889;0;889;0.0451;0.0443;0.0464;0.0453
Bscr7gaUhPMt4j8ugbsQyk4R8mVLMJS7q2U9AsnXLgjb;1776;1776;0.0089;0;0.0089;21764038;12255;12255;1776;1776;0;0;0;0;0
tbd3QdqF7Es36ifxUsW4uhf5fVkba94oKaGYXLZckT6;1762;1762;0.0088;0;0.0088;18217290;10339;10339;1762;1762;0;0;0;0;0
pjMUjMjHTHot5bYrBu9qd4cRaNKdK1eTR8iVYouQzDo;1744;1744;0.0087;0;0.0087;20588813;11806;11839;1739;1744;0;0;0;0;0
GDExVWfNUUhZ7obMJPmNFzqfaST3Zfs7W95iAHVqMLLi;59;57;0.0003;0.0083;0.0086;5941087;100696;100696;59;0;59;1.35;0.1112;2.3899;1.4039
Nqd6XqA8LbsCuG8MLWWuP865NV6jR1MbXeKxD4HLKDJ;1703;1703;0.0085;0;0.0085;5483898;3220;6560;836;1703;0;0;0;0;0
3i5JeuZuUxeKtVysUnwQNGerJP2bSMX9fTFfS4Nxe3Br;173;132;0.0009;0.0076;0.0085;17970781;103877;106969;168;5;168;0.4319;0.1518;0.9293;0.7505
SSSnRENPEFnbQKfk7qFjiFyg4vku5CjLsxeEs9jWaTe;1678;1678;0.0084;0;0.0084;252796694;150654;163941;1542;0;1678;0;0;0;0
268xoH5VPMgtcuaBgXimyRHebsubszqQzPUrU5duJLL8;1674;72;0.0084;0;0.0084;5877564;3511;3610;1628;1674;0;0;0;0;0
