program_id;tx_count;jito_tx_count;jito_tips_sol;priority_fees_sol;total_fees_sol;total_cu;avg_cu_per_tx;blocks_touched;avg_cu_per_block;jito_tips_per_cu_lamports;priority_fees_per_cu_lamports
AtomCf57Gdp49TDf2q6w7ypqEwPEaCCpxbpTdD4RmDQt;129;7;1798.16099;0;0.000645;20150632;156206;127;158666;89235.96;0
9i7QdbBHx7fjLAAaFfcDRgkdS4oNfKv8duzyE27a1kJ6;440;313;14.563195;5.646633;5.648833;64202135;145914;386;166327;226.8335;87.9509
6EF8rrecthR5Dkzon8Nwu78hRvfCKubJ14M5uBEwF6P;299712;39806;11.305487;4.7265;8.03735;22321866711;74478;120362;185456;0.5065;0.2117
BiSoNHVpsVZW2F7rx2eQ59yQwKxzU5NvBcmKshCSUypi;5800895;301772;7.741096;15.181863;44.186338;1849516346;319;435129;4251;4.1855;8.2086
9H6tua7jkLhdm3w8BvgpTn5LZNU7g4ZynDmCiNN3q6Rp;16859794;1460826;5.932793;5.58822;89.88719;5168998725;307;439462;11762;1.1478;1.0811
AEyodoBDx5vgvEpWLUbNRMYHrSJ113uW2A8avE3GEB7X;9389;1821;3.609755;0.000642;0.047587;434144726;46240;8997;48254;8.3146;0.0015
9GCBb4NsSDRuEkkGfQkN37oppmMVPops5sXDWhAKAvQQ;2194;93;2.70558;2.74651;2.75748;216218880;98550;132;1638022;12.5132;12.7025
LBUZKhRxPF3XUpBCjp4YzTKgLccjZhTSDM9YuVaPwxo;46660;28499;2.077776;0.783022;1.115567;7641579262;163772;33192;230224;0.2719;0.1025
FsWxHsafrajWKW5YZTT76D8sYCAVfbA4iNoPxNFQqUet;4593;4581;1.854012;0.000646;0.023611;551056033;119977;4375;125956;3.3645;0.0012
8yvD3vvuJdXCaxuVKSc81SNgox3vcXfXgLCJii8WKBvU;109;109;1.426604;0;0.000545;18407138;168873;98;187828;77.5027;0
KLend2g3cP87fffoy8q1mQqGKjrxjC8boSyAYavgmjD;2655;435;1.117068;0.032324;0.045624;343300988;129304;2414;142213;3.2539;0.0942
L6pUpkHtq3CLtJRTrZ9GsBxfweZ8iPS6CnDQMdmcbad;219;219;0.900131;0;0.001095;31928500;145792;219;145792;28.1921;0
pAMMBay6oceH9fJKBRHGP5D4bD4sWpmSwMn52FMfXEA;108105;1445;0.441786;1.560411;2.147046;10901415921;100841;64745;168375;0.0405;0.1431
PERPHjGBqRHArX4DySjwM6UJHiR3sWAatqfdBS2qQJu;736;680;0.441378;0;0.00368;116894432;158824;626;186732;3.7759;0
JUP6LkbZbjS1jKKwapdHNy74zcZ3tLUZoi5QNyVTaV4;19937;13490;0.40935;0.20139;0.301405;3978705143;199564;18164;219043;0.1029;0.0506
SSSnRENPEFnbQKfk7qFjiFyg4vku5CjLsxeEs9jWaTe;1227;1227;0.33147;1e-06;0.006136;183152492;149269;1133;161653;1.8098;0
8SDTDjFz1HmP7qzUZE6QaBuUqQ2eHwXabHJQwqDQok48;499;499;0.24994;0;0.002495;24626545;49352;498;49451;10.1492;0
45fCmmKfFjZ1bYu7zHyUPYsfPauQAD1RVinUmBp8DbSb;81049;6375;0.13922;1.435894;1.841139;2799712713;34543;23420;119544;0.0497;0.5129
GKtyK68R4jAVDu9pZrZAdvHq8vo7R51WTRjU5SHt2fMa;3928;1140;0.09025;0;0.0375;582910224;148399;934;624101;0.1548;0
Zen8888uiVAni7eYnYVgGpdUujDyrzrzjG4EXRHDZ5q;1878;1855;0.070522;0.028691;0.038081;79713671;42446;1801;44261;0.8847;0.3599
MevFXXGBgBMbr2c9G6GWE9Vo8qo8GCVed4jn1npP5tG;1583;436;0.0544;0;0.007915;174448863;110201;971;179659;0.3118;0
5ifgd2hU3y8k1EhuEW2DZRTkFGHCZ3WHsQ1JHL5MCvxZ;6408;6408;0.053727;0;0.03204;281399025;43914;5043;55800;0.1909;0
cpamdpZCGKUy5JxQXB4dcpGPiikHawvSWAd6mEn1sGG;5816;81;0.049308;0.083466;0.134631;380300957;65389;4205;90440;0.1297;0.2195
8kJBErpatzi1AapVvF1AfwspAJ3k611WdQqE48JmVxAv;879;867;0.03846;0.004455;0.00885;105273481;119765;876;120175;0.3653;0.0423
FLASHX8DrLbgeR8FcfNV1F5krxYcYMUdBkrP1EPBtxB9;59721;1578;0.027744;0;0.298605;5096404756;85337;34717;146799;0.0054;0
Dpe4s2p9FfNPvCkQp58iwVVyAStC7JdRbSYSH1qvDFJY;55;55;0.021389;0;0.00055;798972;14527;49;16306;26.7712;0
zapvX9M3uf5pvy4wRPAbQgdQsM1xmuiFnkfHKPvwMiz;2341;50;0.016674;0.005881;0.023591;926400783;395729;2329;397768;0.018;0.0063
ARBTRGgcwmy3VS2W9YaauL7FSMBmB41cJ8EkfWGo8D6c;2356;2356;0.008399;0;0.01178;463638714;196791;2112;219526;0.0181;0
G77G9wS9JzkzWNGwQjUhRswbA5N8hYKpCK4TZRj9G1Pw;1441;679;0.007751;0;0.021285;17235214;11961;889;19387;0.4497;0
65VKabrEQy6UDtcrZKmRGpizaZWw3aANKV5XMb3geJng;6100;6100;0.0061;0;0.0305;212871500;34897;2922;72851;0.0287;0
BSfD6SHZigAfDWSjzD5Q41jw8LmKwtmjskPH9XW1mrRW;100;100;0.005;0;0.0005;7740637;77406;97;79800;0.6459;0
GDExVWfNUUhZ7obMJPmNFzqfaST3Zfs7W95iAHVqMLLi;15;15;0.003;0.002064;0.002139;1622298;108153;15;108153;1.8492;1.272
9w1D9okTM8xNE7Ntb7LpaAaoLc6LfU9nHFs2h2KTpX1H;417;417;0.002947;0;0.002085;11014998;26415;413;26671;0.2676;0
F6KwbonKLyLNbD1SfWDwKN3T3BUxK3Pguy3yxWtxo9w9;83;43;0.001616;0.082739;0.083154;10105331;121751;75;134738;0.1599;8.1877
MFv2hWf31Z9kbCa1snEPYctwafyhdvnV7FZnsebVacA;2110;71;0.00071;0.027893;0.038848;237556136;112586;2098;113230;0.003;0.1174
FQpPbY4Ny2wevcgw9v3bDu43S8V3cRwQuPtvg55dhqRS;8;8;0.00025;0.004759;0.004799;2125962;265745;8;265745;0.1175;2.2383
whirLbMiicVdio4qvUfM5KAg6Ct8VwpYzGff3uctyCc;2690;24;0.000222;0.025322;0.040392;109508550;40709;2153;50863;0.002;0.2312
675kPX9MHTjS2zt1qfr1NYHuzeLXfQM9H24wFSUt1Mp8;15772;17;7.2e-05;0.459261;0.538121;450981553;28594;14013;32183;0.0002;1.0184
dbcij3LWUppWqq96dh6gJWwBifmcGfLSB5D4DuSMaqN;11388;2;3.2e-05;0.008362;0.113812;1118158778;98187;9363;119423;0;0.0075
SPoo1Ku8WFXoNDMHPsrGSTSG1Y47rzgn41SLUNakuHy;1940;2;2e-05;1e-06;0.009711;96213264;49594;823;116906;0.0002;0
CPMMoo8L3F4NbTegBCKVNunggL7H1ZpdTHKxQB5qKP1C;9633;5;1.4e-05;0.089044;0.137224;339837053;35278;9382;36222;0;0.262
EEEEoTnDmkwqpcxNMg4yoa9QFJpp4NEgzGykzi1cHrM9;331;0;0;0;0.00329;22369028;67580;331;67580;0;0
3SPZe4P7h5Jjn2cuS5WXS2GpnyLHUQPzAxNLXBGuEb3S;434;0;0;0;0.00217;72223427;166413;434;166413;0;0
7pz2QJ8RV11pKiKGmCFRonqFnz8UEj7ZJrFdKUA5K1Cp;2767;0;0;0;0.02767;49256291;17801;2081;23670;0;0
5hdrbhMZ7qhAu4Jk7DriTQfrx4UC58cLnQ7MANKp2CoK;35;0;0;0.0066;0.006775;1191931;34055;33;36119;0;5.5372
FHKBuiohcYB5n636h7UmHahRGU5UCHX8CSb6DNSUqX65;16242;0;0;0;0.08121;516275631;31786;11259;45854;0;0
3am45Ut1oBZZU9qKuodfe4Ck1HB4wkAp7bDkonBhbeAe;1;0;0;0;5e-06;56071;56071;1;56071;0;0
EmTX93xYtDE3h7G5EF2m9VRPE1UT1XBoohpVmEzE4oEU;57779;0;0;0;0.42512;183857609;3182;43270;4249;0;0
trsrzhs1sRgiHcKhjMmRrgK3X8Wus3LBWogF7t13wzZ;1;0;0;0.000418;0.000423;91787;91787;1;91787;0;4.5531
SAGE2HAwep459SNq61LHvjxPk4pLPEJLoMETef7f7EE;73103;0;0;0;0.365575;8856452252;121150;62223;142334;0;0
DT3X9y2w3S13M4GiQNbMtsrYeA9eEZpLg6frM4V28at5;80443;0;0;0;1.494005;603998448;7508;27317;22111;0;0
CCTPV2Sm4AdWt5296sk4P66VBZ7bEhcARwFaaS9YPbeC;20;0;0;0.000494;0.000594;3459386;172969;19;182073;0;0.1427
BMBpXq5RaoRf5pGsQpuwjcozaLF2TuNCmYKKcFJjFiFS;199;0;0;0;0.000995;27319102;137282;197;138676;0;0
Fy1YwPariTjcEZMrmDaYDwxPKWTsR7z3HjqyS2zrr87g;36;0;0;3.6e-05;0.000216;3998532;111070;29;137880;0;0.009
FDF8AxHB8UK7RS6xay6aBvwS3h7kez9gozqz14JyfKsg;739;0;0;0.164024;0.167719;19622292;26552;737;26625;0;8.3591
44gjgndDaSHTAXxXuQYMEJJ4VkoE8b97o6P59Hhv8DB4;57;0;0;0;0.000455;3949230;69285;57;69285;0;0
XXXXXXHm2pmmxyTeDyzvi4VUXZcLHGwzqvjZhJkbvPf;1178;0;0;0;0.00589;49650507;42148;1178;42148;0;0
JB3iGFeeT1K8mWmdVzypBowsyG28DYTSSvdQgcdTfF7P;5304;0;0;0;0.02652;313722315;59148;5026;62420;0;0
G2E4eoenFMirpFKRfHNo2koDP7mrhnNWVwxyHASSpjQD;1;0;0;8.8e-05;9.3e-05;205739;205739;1;205739;0;0.4258
G3z6yQqLP1q2JqFqEwND6rTX3vsnzzr3Vv16pMoSdkcx;3570;0;0;0.12;0.13785;40464172;11335;3526;11476;0;2.9656
3i5JeuZuUxeKtVysUnwQNGerJP2bSMX9fTFfS4Nxe3Br;9;0;0;0.000297;0.000342;1176592;130732;9;130732;0;0.2526
ZUPYzr87cgminBywohtbUxnaiFMwXNy8A5pD9cCcvVU;177;0;0;0;0.000885;17973822;101547;165;108932;0;0
noteD9tEFTDH1Jn9B1HbpoC7Zu8L9QXRo7FjZj3PT93;207;0;0;0;0.001035;338757;1637;207;1637;0;0
FR1SDyLUj7PrMbtkUCkDrBymk5eWrRmr3UvWFb5Kjbmd;397;0;0;0.064473;0.066458;14159934;35667;387;36589;0;4.5532
HQ2UUt18uJqKaQFJhgV9zaTdQxUZjNrsKFgoEDquBkcx;2;0;0;0.0002;0.00021;58062;29031;2;29031;0;3.4446
Yt3A8KLfo7JEz8RGHw2zbaQE6MVcf9duKmb24dgXbsD;2884;0;0;0.058525;0.072945;14547306;5044;2202;6606;0;4.0231
PCKjSaQaZb3AcmjTcb2fcLanh9Mky9ZvuaKqTBxsqWE;216;0;0;0;0.00214;5125942;23731;204;25127;0;0
CAMMCzo5YL8w4VFF8KVHrK22GGUsp5VTaW7grrKgrWqK;4748;0;0;0.051761;0.076926;410114000;86376;4532;90493;0;0.1262
8hNZpgaL74ozyYhKeFuipGioaoRRKKvS7oMjFBDATmzf;824;0;0;0;0.00824;17908714;21734;795;22527;0;0
D4aBeFn9DBhU41kFNvr9kVKRuBy858ATxwTevmJCCJYL;24353;0;0;0;0.243525;76990792;3161;3768;20433;0;0
gdrpGjVffourzkdDRrQmySw4aTHr8a3xmQzzxSwFD1a;4072;0;0;0;0.02036;139781186;34327;4022;34754;0;0
PCFA5iYgmqK6MqPhWNKg7Yv7auX7VZ4Cx7T1eJyrAMH;395;0;0;0;0.001975;13694002;34668;395;34668;0;0
6YRZW57XsrT2DxSNLXHHQd4QmiqBode4d6btASkRqcFo;96;0;0;0.001949;0.002429;3643679;37955;62;58769;0;0.5348
HDwcJBJXjL9FpJ7UBsYBtaDjsBUhuLCUYoz3zr8SWWaQ;12949;0;0;0.494874;0.596899;5004980822;386515;12791;391289;0;0.0989
VybePyKgr1zqnwrvNPunahVE48G7BrBHqP8Ct89L5gC;142;0;0;0.000623;0.001333;5052504;35581;77;65617;0;0.1234
9VX8EKBg6vM6tA68xaDsPkbrx26XConZjkQmhVApUptc;81629;0;0;0.078752;0.486897;44061651;540;65053;677;0;1.7873
A1akazamWUPTYbXJyGPXDi27K8RqVXNAZ4g2KzYmw4hq;32;0;0;0;0.00032;286976;8968;31;9257;0;0
4XKv23WzTb9ZpwLCxfQ3k2ChFmQwrUuuazpDKq3ikVSJ;26;0;0;0;0.000135;1486665;57179;26;57179;0;0
QMNeHCGYnLVDn1icRAfQZpjPLBNkfGbSKRB83G5d8KB;1;0;0;0;5e-06;25683;25683;1;25683;0;0
HLCorec4bsTSiyzskDuAqrqD5NXDZeLhdvWqs7wjWRx5;1044;0;0;0.04918;0.0544;67583683;64735;969;69746;0;0.7277
Swap2Ex1jbDx4c2kDVgCrUX3GWCHZsFn4n8vecY5ycf;7;0;0;2.2e-05;5.7e-05;1503705;214815;6;250618;0;0.0149
6xw9f54fZrCFyhRtNBfA9tzuvwzUfe4DUw33JD1uyyfd;1498;0;0;0;0.00749;2374330;1585;987;2406;0;0
fragnAis7Bp6FTsMoa6YcH8UffhEw43Ph79qAiK3iF3;50;0;0;0.000255;0.000505;6039631;120793;50;120793;0;0.0421
CdqN1SG856NhbZ9EW3RZRkPi7trjHfNx9RKZPUcgqjqf;4275;0;0;0;0.021375;101749058;23801;4273;23812;0;0
prm1azdDGzyqP76s3Hv2nuG3uLnBgR5u2d7pANwmmzC;171;0;0;0;0.000855;6946553;40623;171;40623;0;0
FBLPCK5w3wxpfxsdZfBcRfQCSXcC9x2cmocYHb5K6EZc;1;0;0;0.002;0.002005;304448;304448;1;304448;0;6.5693
8jaLKWLJAj5jVCZbxpe3zRUvLB3LD48MRtaQ2AjfCfxa;125162;0;0;0;0.62596;9121838738;72880;76564;119140;0;0
TFPfZhKxtEBoz1um1LcnuzYeKKdHiNbCtmXVuVAFcMU;8;0;0;0;6e-05;124257;15532;8;15532;0;0
phDEVv4w6BcfkLrLNeXr8HhhgQxnxziVGXpGPcaadMf;227088;0;0;0.000248;1.135688;6979622163;30735;87027;80201;0;0
BGUMAp9Gq7iTEuizy4pqaxsTyUCBK68MDfK752saRPUY;294123;0;0;0.000272;1.895387;23556966419;80092;104593;225225;0;0
AMMSgtnttAKx5Ad2Y1socKJ3CcQYCB2ctg8U2SAHcVEx;141;0;0;0;0.000705;6076236;43094;140;43402;0;0
2M86GVGn3AHgAX9afQrYeSEETJBs9qmDtxb3f6kEa87H;10238;0;0;0.10238;0.15357;1592226081;155521;2764;576059;0;0.0643
AnCCJjheynmGqPp6Vgat9DTirGKD4CtQzP8cwTYV8qKH;64;0;0;0.028313;0.028633;7306966;114171;64;114171;0;3.8749
DuvqY5mxjbyc7J8XqDfbGhHXCPdQfCohkr4W5P865fgh;64519;0;0;1.299201;1.621796;8638126686;133885;27070;319103;0;0.1504
Nqd6XqA8LbsCuG8MLWWuP865NV6jR1MbXeKxD4HLKDJ;97;0;0;0;0.000485;314994;3247;48;6562;0;0
vBoNdEvzMrSai7is21XgVYik65mqtaKXuSdMBJ1xkW4;128870;0;0;0;0.647405;9171983305;71172;8845;1036968;0;0
Bgo4vNe3vxRv37j8mmQarJo8vbjHEKgkhJDZzxiizBid;17622;0;0;11.036348;11.124458;1299703874;73755;4786;271564;0;8.4914
nttLq3ZsKu9uAFWuBGksdZTPAjkMRyPkxp61CJPsntA;1;0;0;0;5e-06;75406;75406;1;75406;0;0.0025
BDHztFsD45xQDfwEg2rGyZjQPaMeDm9Lxg25LBxBeyA1;55;0;0;0;0.000335;3937829;71597;55;71597;0;0
SV2EYYJyRz2YhfXwXnhNAevDEui5Q6yrfyo13WtupPF;7;0;0;0;3.5e-05;26291;3756;7;3756;0;0
SHARKobtfF1bHhxD2eqftjHBdVSCbKo9JtgK71FhELP;1684;0;0;0.03528;0.054155;91160512;54133;1684;54133;0;0.387
EG1BjZMraQcrHoPkR4qXs2T2trCarQH5nfJV7VjUUnkN;238;0;0;0;0.00119;1614629;6784;238;6784;0;0
5iF614oQbNriGr34jXMgKC2TUSxGFoqhYVipbn8awvyr;89;0;0;0.003172;0.003967;17473486;196331;64;273023;0;0.1815
45DJvdkD7fiTrhsrNxaWd8jAiWJ1G5S98W7n4Wg8gJdW;1465;0;0;0;0.01464;33346827;22762;1446;23061;0;0
SMRTzfY6DfH5ik3TKiyLFfXexV8uSG3d2UksSCYdunG;1382;0;0;0.096219;0.109459;70482297;51000;1245;56612;0;1.3652
nosJhNRqr2bc9g1nfGDcXXTXvYUmxD4cVwy2pMWhrYM;8273;0;0;0;0.122895;484374387;58549;4608;105116;0;0
99vQwtBwYtrqqD9YSXbdum3KBdxPAVxYTaQ3cfnJSrN2;10380;0;0;0.0012;0.07086;219113270;21109;10149;21590;0;0.0055
2LpxztCB9YjLxPwp8XdkYPtEaQBEkB3ejuDbYtHbkEZ8;200;0;0;0;0.002;4946000;24730;192;25760;0;0
SKRskrmtL83pcL4YqLWt6iPefDqwXQWHSw9S9vz94BZ;121386;0;0;0.293212;0.900142;4387013800;36141;101434;43250;0;0.0668
bidoyoucCtwvPJwmW4W9ysXWeesgvGxEYxkXmoXTaHy;3;0;0;0;1.5e-05;104832;34944;3;34944;0;0
DRSw8uSW9De7eCKSM9qXm7aD2QKrvcJnA7Hf4Uu3ezYM;6589;0;0;0;0.032945;963546533;146236;4755;202639;0;0
2QKKmkEbkC1rakibHw1A6oRGWabw22W7jr143oVBti78;2;0;0;0.006;0.00601;87821;43911;2;43911;0;68.3208
8Ynw96G4yZQJ1NUX2ZKYmQkkmgXEAeGfkGrahGnWwtxM;2360;0;0;0;0.0118;40241071;17051;2360;17051;0;0
8VWm29HWNAftJJnGpL7rqVcyShbB1TSZmweaMec7V7no;51;0;0;0;0.000255;1402231;27495;51;27495;0;0
PhoeNiXZ8ByJGLkxNfZRnkUfjvmuYqLR89jjFHGqdXY;92;0;0;0;0.00046;2164862;23531;92;23531;0;0
AZipysY3PXDM61RJzdnP4UtWR3tVgM9kGdxXwLbjP41S;4107;0;0;0.153;0.173535;58361988;14210;4077;14315;0;2.6216
PHYSJkZ4KNpK4Lp5pg89xfab5mSer9NxRfr6YzuRdNQ;802;0;0;0;0.00401;120918241;150771;802;150771;0;0
32Jr4JnXWvqq9GqPQynkooHsszaucUUvZfNLh2hdX2L5;1374;0;0;0;0.00687;46107898;33557;1358;33953;0;0
98DUyVx41ogvrJXi7svM8GbcwTgaitNF1pJ1vZZ6hPHS;466;0;0;0.513603;0.515933;72285124;155118;228;317040;0;7.1052
4TGVS3XzavdmjdEU6axw2Wtzc7iV94HoQo55eHteqrd7;7015;0;0;0;0.035075;155991619;22237;7009;22256;0;0
B1sFgxd4X7WSw9622AoWna7YoweSm9oXARL2Dk5vtBAs;1;0;0;0.000102;0.000107;43976;43976;1;43976;0;2.3081
CWgkFB7ngUc9cGD1LryyhP7h6xYWtwrAjhSKKCoR1gkz;1417;0;0;0;0.01417;23644627;16686;1121;21092;0;0
dRiftyHA39MWEi3m9aunc5MzRF1JYuBsbn6VPcn33UH;13527;0;0;5e-05;0.067685;1916170517;141655;12887;148690;0;0
8r2jms1vAnHhtCWxDNSgiHvQNSzzJvGa9oBRCbBPCBNN;123;0;0;0;0.00123;2451145;19928;122;20091;0;0
79NiGoTLeZUH5YUVDJmyiqFHwDUJFUxSpFxbQpacx7RZ;3526;0;0;0.006958;0.030258;128346498;36400;2895;44334;0;0.0542
2M5kinPh6R6ow4287N3SLWLx9mWFKpBq1QfnsGGhQ2no;615;0;0;0;0.003075;18399899;29919;273;67399;0;0
NtttGjhSzBsofYFWRYkKLV9n4og1nxVoTtBNVbnu8mf;10;0;0;0;5e-05;793430;79343;10;79343;0;0
HypvYnf7zWxy1oWsSFpuN4nRDuXNUi88AeEourc7mq4Z;1393;0;0;0;0.006965;32939798;23647;1384;23800;0;0
RAkd1EJg45QQHeuXy7JEWBhdNvsd64Z5PbZJWQT96iB;168;0;0;0;0.00084;1401215;8341;159;8813;0;0
4pjbtQCpaXFrmT7wcfuCQnAWLCUhRuK9CKQyvou1F5xo;152798;0;0;0;3.05596;24170405934;158185;53736;449799;0;0
foRGEL4EUjeQMd8U2QL5Rx8je75ZFpmtLoWRyyAxxr7;1347;0;0;0;0.02227;170891438;126868;1003;170380;0;0
3vxKRPwUTiEkeUVyoZ9MXFe1V71sRLbLqu1gRYaWmehQ;27;0;0;0.001575;0.00171;1871178;69303;27;69303;0;0.8417
22z4B93dSqzBaAkC7GRkihYbW52EpDqHQULWP219W9LR;21;0;0;0.003645;0.00375;3998276;190394;21;190394;0;0.9116
AgdxtGStJsyCZAZvZChtnTtaK774e3Yf2QWdq8gSfLuc;162;0;0;0;0.00081;10067568;62145;162;62145;0;0
eUSXyKoZ6aGejYVbnp3wtWQ1E8zuokLAJPecPxxtgG3;295;0;0;0;0.001475;9808665;33250;264;37154;0;0
idemJL67fKhpev5vKcxHrosuVyTat6wVC9sFfoPVg3Y;12098;0;0;0;0.12098;146968034;12148;2185;67262;0;0
6jMi2CRpAA6uah3qzPpCR8SL8MsuAsB9MtCTKkufXkw2;32;0;0;0.002233;0.002393;2783622;86988;32;86988;0;0.8022
2K2374VEqxbFJWycxoj8ub2wBk7KwwnNn7M5V7QsL9r2;224;0;0;0;0.001205;2971132;13264;224;13264;0;0
srtJ3oQoazxhiiFj6CdEowvkTgUxvn6NQNmJ5VrwkD9;210;0;0;0;0.00105;6847994;32609;210;32609;0;0
FCW1uBM3pZ7fQWvEL9sxTe4fNiH41bu9DWX4ErTZ6aMq;177;0;0;0.00506;0.005985;7941365;44866;175;45379;0;0.6372
mine9YMaEywEJyysaDLjYngt8pYXxQDsdakUewPEW8S;9181;0;0;0.184227;0.230132;1196472776;130321;4263;280665;0;0.154
FLASH6Lo6h3iasJKWDs2F8TkW2UKf3s15C8PMGuVfgBn;8963;2;0;0.051979;0.096859;934394904;104250;8849;105593;0;0.0556
7wuFcHkbVckS6nMqZ5pg6ykmw5uWTqzvqK1gdb8xGdp4;849;0;0;0.008495;0.01274;49550054;58363;848;58432;0;0.1714
FD1amxhTsDpwzoVX41dxp2ygAESURV2zdUACzxM1Dfw9;10;0;0;0;0.0002;2631833;263183;10;263183;0;0
chopmfFa3T1CzZj9WUgq5e18aMvjufSHGfPTvyKkydL;132;0;0;0;0.00066;3482170;26380;132;26380;0;0
RouterBmuRBkPUbgEDMtdvTZ75GBdSREZR5uGUxxxpb;742;0;0;0;0.00371;29005614;39091;11;2636874;0;0
6QwqgT13oVGhFkMhJwRV6f6nQq52Duy2HqovtiMHaNgs;94;0;0;0;0.00047;2954308;31429;94;31429;0;0
rec5EKMGg6MxZYaMdyBfgwp4d5rB9T1VQH5pJv5LtFJ;1793;0;0;0.000343;0.014168;165764590;92451;1066;155501;0;0.0021
vanshF62ku4jVVdf8DS47SXuJC1rq8qokGSANAomhey;5794;0;0;0.152801;0.210741;115426692;19922;5196;22215;0;1.3238
Ewkv3JahEFRKkcJmpoKB7pXbnUHwjAyXiwEo4ZY2rezQ;74;0;0;0.000321;0.000691;1845865;24944;73;25286;0;0.1738
worm2ZoG2kUd4vFXhvjh93UUH596ayRfgQ2MgjNMTth;1352;0;0;0.018213;0.024973;113507581;83955;1314;86383;0;0.1605
48EWpApsQihHzvnq8hRrhn51PJWB1r41HmEyfxLWoNNC;73;0;0;0;0.00073;8089604;110816;73;110816;0;0
26DkA98jjctzPkBEteUsN935CR4dsKx3XvjrtE7MeL4a;983;0;0;0;0.00983;23699395;24109;834;28417;0;0
6WPHMhYD7JLAF1HEtC6Ddkn93ADbGtyC93HUh7wy75m2;24237;0;0;0;0.121185;335323375;13835;16676;20108;0;0
REFER4ZgmyYx9c6He5XfaTMiGfdLwRnkV4RPp9t9iF3;283;0;0;0.02575;0.02718;8692749;30716;216;40244;0;2.9622
Arcj82pX7HxYKLR92qvgZUAd7vGS1k4hQvAFcPATFdEQ;1678;0;0;0;0.00839;132856582;79176;653;203456;0;0
wormDTUJ6AWPNvk59vGQbDvGJmqbDTdgWgAqcLBCgUb;330;0;0;0.017784;0.019499;33262062;100794;317;104928;0;0.5347
3AQz4t3ShixZWw5vhvkAindHhMco3s12gxgvGuMeh2Yg;22256;0;0;0.012872;0.124152;2498439065;112259;5633;443536;0;0.0052
DKLsYHdYyeeQjyLTUDSRxswMTi1NhUUUWX2wqFHQDXpC;431;0;0;0;0.00431;458959;1065;431;1065;0;0
3w1ggZZ4hbi5sfLKSvz3pgh6S6nMQBSBtuzCyFHgnbKi;1603;0;0;0;0.008015;44088938;27504;1603;27504;0;0
57GQDhcco4bv4Ngcg7gc6huEYepnGU4PZAGHQCFJmjNW;118;0;0;0;0.00059;6950973;58907;118;58907;0;0
1avaAUcjccXCjSZzwUvB2gS3DzkkieV2Mw8CjdN65uu;664;0;0;0.001353;0.004673;10318707;15540;660;15634;0;0.1312
brcXo6HSsYdF37owe2szAT77yXBqmC2osTwJ2LhZAXz;2;0;0;0.001206;0.001216;73422;36711;2;36711;0;16.4256
B9J9SDcXLBwpRq9JS9q9KJtsaYsermtddMeo9LojTLJQ;2;0;0;0;1e-05;67371;33686;2;33686;0;0
DeJBGdMFa1uynnnKiwrVioatTuHmNLpyFKnmB5kaFdzQ;615;0;0;0;0.003075;16686124;27132;613;27220;0;0
T1TANpTeScyeqVzzgNViGDNrkQ6qHz9KrSBS4aNXvGT;42;0;0;0.001344;0.001554;6540581;155728;42;155728;0;0.2055
EG67mGGTxMGuPxDLWeccczVecycmpj2SokzpWeBoGVTf;283;0;0;0;0.001415;36818853;130102;283;130102;0;0
BanDz6p8Sy3gzm3r8VUNVGQhR8tzPJFbVgZjzspArU6;685;0;0;0;0.003425;41870150;61124;685;61124;0;0
vaU6kP7iNEGkbmPkLmZfGwiGxd4Mob24QQCie5R9kd2;37;0;0;2.3e-05;0.000208;3268362;88334;37;88334;0;0.0069
BqYjRiMGYHMfKTwwra7Lg8eMxEKF3oJiTkPEwir1hw3s;2344;0;0;0;0.01172;100494898;42873;2166;46397;0;0
PdMDrKEMaX8q7CCJb7NvUCxerBCcsFUa4LjBEynTtEd;62365;0;0;0.062365;0.37419;4023131085;64509;59947;67111;0;0.0155
CCTPiPYPc6AsJuwueEnWgSgucamXDZwBd53dQ11YiKX3;530;0;0;0.100649;0.105999;33329297;62885;528;63124;0;3.0198
TESQvsR4TmYxiroPPQgZpVRoSFG8pru4fsYr67iv6kf;1098;0;0;0;0.00549;65116254;59304;1098;59304;0;0
nTtWMBHa1LvWqPbuhS3uRGPmhxw9XNDKzFmjtwHY4cc;4;0;0;4e-06;2.4e-05;316066;79017;4;79017;0;0.0113
AURAsuSzLv3v8SX3Y7emMFzGTWiepJK3Sm4x77GB9n1G;24;0;0;0.126082;0.126203;815935;33997;23;35475;0;154.5252
So1endDq2YkqhipRh3WViPa8hdiSpxWy6z3Z6tMCpAo;6;0;0;0;3e-05;414667;69111;6;69111;0;0
proVF4pMXVaYqmy4NjniPh4pqKNfMmsihgd4wdkCX3u;59;0;0;0.000656;0.000951;8122296;137666;57;142496;0;0.0808
n1brh2AaBbnMPEjpoCDFs1fzWb5Pa8FC1o8yXp2fAqM;6374;0;0;0;0.041655;399676997;62704;6183;64641;0;0
GH8Ya8jNnovpKH6r4YUiZGmfmv2t4onak1D4Bng4Vudw;31;0;0;0;0.000155;1655500;53403;31;53403;0;0
A22URFxrKkdWaQ3q51NbzDc4pGjh29UNU9WdHna5QDa5;1565;0;0;0.01211;0.019935;23456722;14988;524;44765;0;0.5163
B1osUCap5eJ2iJnbRqfCQB87orhJM5EqZqPcGMbjJvXz;39;0;0;0;0.000195;500941;12845;39;12845;0;0
raffKWNrQvz5uhFGY4Dw64sn3hSZZjhC4AMtXmdUFy2;815;0;0;0.000181;0.004256;18638653;22870;815;22870;0;0.0097
7FaMyGiTVdjm8dd3PxpjjCX15ibbmuE1zWVFX2PHxYUK;17153;0;0;0;0.085765;656145466;38253;16391;40031;0;0
6k9DQREaFRtefjzMt98tKSVcNUnxLDxma7avzu739q4H;2;0;0;0;1e-05;46908;23454;2;23454;0;0
ENicYBBNZQ91toN7ggmTxnDGZW14uv9UkumN7XBGeYJ4;1563;0;0;0.125642;0.136167;113751279;72778;1560;72917;0;1.1045
TRDwq3BN4mP3m9KsuNUWSN6QDff93VKGSwE95Jbr9Ss;422;0;0;0.007933;0.010403;31843861;75459;422;75459;0;0.2491
HFn8GnPADiny6XqUoWE8uRPPxb29ikn4yTuPa9MF2fWJ;4865;0;0;0.245012;0.269337;1187899240;244173;4834;245738;0;0.2063
EhUtRgu9iEbZXXRpEvDj6n1wnQRjMi2SERDo3c6bmN2c;234;0;0;0.00945;0.01062;3699528;15810;234;15810;0;2.5544
MEXkeo4BPUCZuEJ4idUUwMPu4qvc9nkqtLn3yAyZLxg;25244;0;0;1.186807;1.313027;2782361011;110219;20155;138048;0;0.4265
ExponentnaRg3CQbW6dqQNZKXp7gtZ9DGMp1cwC4HAS7;8;0;0;0;4e-05;114376;14297;8;14297;0;0
DbTjBdpz5Mz4QTEm1EyHkyQQ6gsS3btRAvydoE8bZfAx;1877;0;0;0;0.009385;91818326;48918;1868;49153;0;0
MNRytDTTpyyKbHuUCax5ZP5ZJf2X6iErjuBtS5sn2kc;2169;0;0;0;0.010845;162208331;74785;2169;74785;0;0
9vJvSurs8pwRR4PzPYkTJ76As9srzXQu8zTTHGfAoSRm;84;0;0;0;0.00042;3762470;44791;84;44791;0;0
routeUGWgWzqBWFcrCfv8tritsqukccJPu3q5GPP3xS;71862;0;0;1.668978;2.028288;9440825757;131374;62810;150308;0;0.1768
CoqTVH4YViufSd8idZ7WwndUQUDWnTT6yERGjXfjQd52;374719;0;0;2.158819;4.032414;57544270189;153566;100567;572198;0;0.0375
MarBmsSgKXdrN1egZf5sqe1TMai9K1rChYNDJgjq7aD;536;0;0;0;0.002685;22548515;42068;536;42068;0;0
UtyXF479UFC78u1ZV94JtXmnd7njb5FmSYZfFFdP1sT;580;0;0;0;0.0029;2810100;4845;580;4845;0;0
traderDnaR5w6Tcoi3NFm53i48FTDNbGjBSZwWXDRrg;187;0;0;0;0.00101;14285145;76391;187;76391;0;0
D8C8iW6zmoKg5TRr8nQ7h14TMWqQX8FiBdj2ju5MF3wa;15;0;0;0.000252;0.000342;1618827;107922;15;107922;0;0.1556
DSTNyVLdoKxTYSjzCQ5191wozVChdVD8qCcFWZwMMX37;470;0;0;0;0.00235;26938735;57316;467;57685;0;0
FitAFk15vtx2PBjfr7QTnefaHRx6HwajRiZMt1DdSSKU;259;0;0;0.002934;0.004969;3638307;14048;259;14048;0;0.8065
GfyUP9mziko4u381SeLBb4D2ijTH4a9ruzBiA2hQAmwr;279;0;0;0;0.001395;5764890;20663;125;46119;0;0
pjwLcQDbzybW1FrHVbvkLzzk836S4TvXmtsqvYWC967;8097;0;0;0;0.05614;185393324;22897;8004;23163;0;0
Gx4uQRXudq7oacjfCoVMHY1pszPQEGn7BNwmdKX1XTa3;322;0;0;0;0.00161;5297806;16453;322;16453;0;0
DCA265Vj8a9CEuX1eb1LWRnDT7uK6q1xMipnNyatn23M;113;0;0;0;0.000565;9575603;84740;113;84740;0;0
7mSqZcYPUGm99M6sGpNRHjorbB1NPF3ThyTpEjhkKzKF;245;0;0;0;0.001225;7563841;30873;245;30873;0;0
HmaXyMUBP1J84LafYVRus1PS498F2FXJNCxtbTrNnkGf;53;0;0;0;0.000265;4943970;93282;53;93282;0;0
RSZE1NgJy3zdmyTWPeT4yKbsUrhAwrh4mXBL1rMvHt4;127;0;0;0;0.000635;6699455;52752;70;95707;0;0
3ZZuTbwC6aJbvteyVxXUS7gtFYdf7AuXeitx6VyvjvUp;1060;0;0;0;0.010595;10087835;9517;1060;9517;0;0
CRhtqXk98ATqo1R8gLg7qcpEMuvoPzqD5GNicPPqLMD;246;0;0;0;0.00123;3259542;13250;246;13250;0;0
DSzxC6BtqPfVmMCjNacNasdE6LgWYj1aB6VVoAaPubYL;576;0;0;0;0.00288;7692793;13356;576;13356;0;0
2KehYt3KsEQR53jYcxjbQp2d2kCp4AkuQW68atufRwSr;8;0;0;0.003602;0.003642;269904;33738;7;38558;0;13.3436
opnb2LAfJYbRMAHHvqjCwQxanZn7ReEHp1k81EohpZb;697;0;0;0;0.003485;27215791;39047;697;39047;0;0
42C9thies2WottySPmi2k93Nq2eP7TUtPZxHVAhicxMP;14;0;0;0;7e-05;65538;4681;14;4681;0;0
unpXTU2Ndrc7WWNyEhQWe4udTzSibLPi25SXv2xbCHQ;455;0;0;3e-06;0.004553;64476708;141707;143;450886;0;0
DmfUp9sjqVW4uf89X5T1bq1rWw1MzuWjZvZpDpjnW6Ju;188;0;0;0;0.00116;7967144;42378;186;42834;0;0
GpQUqzphxhR5vpyihR27X45iSGeSKruzd8BHj2WU4fYx;3;0;0;0;1.5e-05;98913;32971;3;32971;0;0
CREWiq8qbxvo4SKkAFpVnc6t7CRQC4tAAscsNAENXgrJ;26;0;0;0;0.00026;7482914;287804;25;299317;0;0
8zPmKwY3Wv9yVoP6xZnzkAUJX5BeqM7aVMDZio4PBDyb;2;0;0;0.004;0.00401;529342;264671;2;264671;0;7.5566
6bES2dKy1ee13HQ4uW4ycw4Kw4od9ziZeWMyAxVySYEd;464;0;0;0;0.002365;13891593;29939;463;30003;0;0
goonuddtQRrWqqn5nFyczVKaie28f3kDkHWkHtURSLE;76;0;0;0;0.00038;1396790;18379;76;18379;0;0
HumaXepHnjaRCpjYTokxY4UtaJcmx41prQ8cxGmFC5fn;79;0;0;0;0.000395;3808812;48213;79;48213;0;0
DDZDcYdQFEMwcu2Mwo75yGFjJ1mUQyyXLWzhZLEVFcei;93;0;0;0;0.000465;3327428;35779;69;48224;0;0
43mTap3FzFV9ks5wEci9QmkFH23BGiiJPXzUyR5Ceot8;194;0;0;0;0.0013;6492838;33468;193;33642;0;0
HbPEwwAbEqbTJ3H8gJc7VYw1VB7ZMTRAm5u1QvQiUk4E;4991;0;0;0;0.024955;108049093;21649;4991;21649;0;0
HpNfyc2Saw7RKkQd8nEL4khUcuPhQ7WwY1B2qjx8jxFq;5;0;0;0.000736;0.000761;1060025;212005;4;265006;0;0.6946
RangohQxaWip6i1twAAnRVLmob9j88fid7sq2DMAATW;740;0;0;0.156558;0.160258;124940551;168839;740;168839;0;1.2531
MAyhSmzXzV1pTf7LsNkrNwkWKTo4ougAJ1PPg47MD4e;795;0;0;0;0.003975;167138925;210238;795;210238;0;0
ZERor4xhbUycZ6gb9ntrhqscUcZmAbQDjEAtCf4hbZY;3;0;0;0.000607;0.000622;225185;75062;2;112593;0;2.6951
8Ue7UGaqgk9GR3YphyDMe9TX4rdUqsbVXfPcFbzM5LDE;322972;0;0;1.796896;3.411756;39446967687;122137;36140;1091504;0;0.0456
APR1MEny25pKupwn72oVqMH4qpDouArsX8zX4VwwfoXD;6350;0;0;0.006721;0.070276;917569694;144499;4591;199863;0;0.0073
wMNFSTkir3HgyZTsB7uqu3i7FA73grFCptPXgrZjksL;2356;0;0;0.000672;0.012452;143612011;60956;1745;82299;0;0.0047
m72GJdX3FFrx3dJ6gnc4mDNe2a9SpmdsPEsquHP1Hcn;256;0;0;0;0.00128;8110793;31683;226;35888;0;0
jup3YeL8QhtSx1e253b2FDvsMNC87fDrgQZivbrndc9;1727;0;0;0;0.008635;151205459;87554;1709;88476;0;0
7xiamgXLjjKPsAJMWq7UHCyjJWCgqY4oBXTieqzd8Te1;24130;0;0;0;0.12065;2672309033;110746;13490;198096;0;0
9cqmzK6tbYamubkrZFWANuuzzEGQkjQLEyKgUX8SNnt7;1;0;0;0.000345;0.00035;152479;152479;1;152479;0;2.2611
DF6c7dTBdZ9cb59pywKAVwy5NMSXiSfmXzYNwYFPNz9F;142;0;0;0.012549;0.013264;22739454;160137;142;160137;0;0.5518
pythWSnswVUd12oZpeFP8e9CVaEqJg25g1Vtc2biRsT;29936;0;0;0.14852;0.2982;2444191668;81647;28526;85683;0;0.0608
voTpe3tHQ7AjQHMapgSue2HJFAh2cGsdokqN3XqmVSj;1788;0;0;0.004129;0.013329;36941309;20661;1784;20707;0;0.1118
3NJyzGWjSHP4hZvsqakodi7jAtbufwd52vn1ek6EzQ35;599;0;0;0;0.002995;17688533;29530;599;29530;0;0
SBondMDrcV3K4kxZR1HNVT7osZxAHVHgYXL5Ze1oMUv;79;0;0;0.000532;0.001087;5239335;66321;79;66321;0;0.1016
RTMBGKx9bkBMtFgRsob8S4fEhbK5MBkrVAuFkcrw8bc;182;0;0;0;0.00182;26124683;143542;182;143542;0;0
jesterKqzZ7hWfNLnUDeB8WtMrm7a44g2vSyhs7WmyT;64897;0;0;46.12159;46.446075;10581212792;163046;33854;312554;0;4.3588
CSgoqaRA4ckXXDZRfS87hCSPsAuST7KSeyx8okT49cM;250;0;0;0;0.00375;4706241;18825;250;18825;0;0
4H9AA9ekBHkh7S5nC9PsVdNcG96a3yeVVjisP6sDHGuo;91;0;0;1e-06;0.000456;29673;326;91;326;0;0.0245
QuaNTM82oyFNjoJCZwCqJiynjndct7tcEntxPuWL1RL;1;0;0;0;5e-06;15572;15572;1;15572;0;0
DGgwXnCW9ERZoqEbk47Z1Ny7tHmpptFLzBmq9ydua259;6459;0;0;0;0.032295;43954833;6805;6199;7091;0;0
85iDfUvr3HJyLM2zcq5BXSiDvUWfw6cSE1FfNBo8Ap29;1207;0;0;0;0.006035;25799710;21375;1201;21482;0;0
fish3HxLMRkCyRMobeJyDy9ymXojx1Q1G1mbXSzpsvS;4201;0;0;0;0.026225;24278930;5779;3342;7265;0;0
save8RQVPMWNTzU18t3GBvBkN9hT7jsGjiCQ28FpD9H;47;0;0;0;0.000235;5162996;109851;47;109851;0;0
AeDvuJTj2ewCQdPZj7Y26hM89gcUETWaXHRGzcQgDUuz;4095;0;0;0;0.04095;45180135;11033;3953;11429;0;0
DEGNpUs8DhLSdDiU25BAmCQn2U6eN8nMAYwbLb41BPqY;1055;0;0;0.040145;0.04542;61594051;58383;980;62851;0;0.6518
nttu74CdAmsErx5daJVCQNoDZujswFrskMzonoZSdGk;385;0;0;0.000501;0.002426;28549256;74154;380;75130;0;0.0176
C7QLEmDz81Usvy2sYa4xZSdA8EwEcYvZo8iuYZMaqXmj;9597;0;0;0;0.075925;615687931;64154;8440;72949;0;0
24Uqj9JCLxUeoC3hGfh5W3s9FM9uCHDS2SG3LYwBpyTi;274;0;0;0.002038;0.003408;15715457;57356;243;64673;0;0.1297
hi5iKPdHrk15joDZcfTio8vw5SnYnvrXQMv2qESCrJj;1434;0;0;0.372914;0.380084;263850478;183996;1358;194293;0;1.4134
R6yPssVmTujhhE8QPUnVpmuz8yzQaFkkqQxBuxQX53R;6;0;0;1e-06;3.1e-05;438390;73065;6;73065;0;0.0019
LocpQgucEQHbqNABEYvBvwoxCPsSbG91A1QaQhQQqjn;130;0;0;0;0.00065;18043820;138799;126;143205;0;0
dzrevZC94tBLwuHw1dyynZxaXTWyp7yocsinyEVPtt4;659;0;0;1e-05;0.003305;5294876;8035;223;23744;0;0.002
jCebN34bUfdeUYJT13J1yG16XWQpt5PDx6Mse9GUqhR;34;0;0;0;0.00034;4303352;126569;34;126569;0;0
BMvZumCsba7rdQZt2b8A2S1RyKgciqekKb4EwGYRUfyh;230;0;0;0;0.0023;15175843;65982;229;66270;0;0
2bag6xpshpvPe7SJ9nSDLHpxqhEAoHPGpEkjNSv7gxoF;399;0;0;0;0.001995;1393315;3492;395;3527;0;0
3KHSHFpEK6bsjg3bqcxQ9qssJYtRCMi2S9TYVe4q6CQc;330;0;0;0.013904;0.015554;4156092;12594;329;12632;0;3.3454
FdDd6eCKiRTUDnQ9o466pDnpcks6kwPCVc1uqcMdScAf;21474;0;0;0.039722;0.254462;271685874;12652;20500;13253;0;0.1462
FarmsPZpWu9i7Kky8tPN37rs2TpmMrAZrC7S7vJa91Hr;1766;0;0;0.023985;0.03282;162695590;92127;1760;92441;0;0.1474
6m9TTqMk9RoJxNjGMrTeNAmjewMWfmk2gRYubPDE8x6k;118101;0;0;0.911396;1.501901;19783988270;167518;39282;503640;0;0.0461
JCFRaPv7852ESRwJJGRy2mysUMydXZgVVhrMLmExvmVp;809;0;0;0;0.006205;15492751;19150;808;19174;0;0
9KuRi5CasX6XWCK846nhfRQmW32g6uuFdfaBkfxjgMpG;3270;0;0;0;0.0327;371569344;113630;3219;115430;0;0
4fTHVZvo3mp9GvJmgYNtepnd2pJbPwfYuiZ7t6M476Uy;154;0;0;0;0.00154;2128498;13821;154;13821;0;0
LanMV9sAd7wArD4vJFi2qDdfnVhFxYSUg6eADduJ3uj;133;0;0;0.000319;0.001434;27224391;204695;122;223151;0;0.0117
SLendK7ySfcEzyaFqy93gDnD3RtrpXJcnRwb6zFHJSh;288;0;0;0.000583;0.002023;44779821;155485;288;155485;0;0.013
mnCk3moW6q9UszVev3C9JjtE4YoviXgLwiLCnUy3c4D;129;0;0;0;0.000645;2254690;17478;129;17478;0;0.0001
9KLLchQVJpGkw4jPuUmnvqESdR7mtNCYr3qS4iQLabs;204;0;0;0;0.00102;1241496;6086;192;6466;0;0
NttMjdaP1RnzrqFMjspEBaqRv7N2X2JTbVmLMSXGHhK;246;0;0;0.000777;0.002007;20066080;81569;245;81902;0;0.0387
T1pyyaTNZsKv2WcRAB8oVnk93mLJw2XzjtVYqCsaHqt;107335;0;0;0;0.537155;6292445039;58624;99293;63372;0;0
DF1ow4tspfHX9JwWJsAb9epbkA8hmpSEAtxXy1V27QBH;249;0;0;0.000191;0.001566;52677289;211555;247;213268;0;0.0036
FLEET1qqzpexyaDpqb2DGsSzE2sDCizewCg9WjrA6DBW;123;0;0;0;0.000615;17024904;138414;119;143066;0;0
DLv3NggMiSaef97YCkew5xKUHDh13tVGZ7tydt3ZeAru;622;0;0;0;0.00311;7560250;12155;510;14824;0;0
CRSeeBqjDnm3UPefJ9gxrtngTsnQRhEJiTA345Q83X3v;1725;0;0;0.177104;0.185729;45753418;26524;1725;26524;0;3.8708
C4PcYp1KVrU6sXkiYGwc9rAHZXnVTfqsM1Ek5zFw4DEf;20;0;0;0;0.0001;2072358;103618;20;103618;0;0
G2GMMDKkw3LXXNRNLyLMy3myki3yi7tjdyxbBbGrBqrg;337;0;0;0.023034;0.024719;46926399;139247;291;161259;0;0.4909
NA247a7YE9S3p9CdKmMyETx8TTwbSdVbVYHHxpnHTUV;1;0;0;0;5e-06;5952;5952;1;5952;0;0
AQZdYsg36tEn8ZJ7RKSSLbUSLoGPBi71TCLruCDepYom;3935;0;0;0;0.019675;252077678;64060;3747;67275;0;0
WattJi1TzD85VrBjrSspQUQQau1cZ8kzxZr3i6VNnhg;132;0;0;0;0.000935;16341723;123801;132;123801;0;0
FTV1kbDLaeVM4LG4vHrVu2qdt2cXazYTXWWUi1xFAJdK;39855;0;0;0.056984;0.256259;4229542500;106123;38482;109910;0;0.0135
strmRqUCoQUgGUan5YhzUZa6KqdzwX5L6FpUxfmKg5m;54;0;0;0;0.00033;3342908;61906;54;61906;0;0
DERP2sf1Nak1R7s5HVgQD9WcQM1X9CKh5Ru5PNafAsPg;614;0;0;0;0.00307;99224868;161604;612;162132;0;0
TSWAPaqyCSx2KABk68Shruf4rp7CxcNi8hAsbdwmHbN;962;0;0;9.8e-05;0.004913;3550495;3691;962;3691;0;0.0275
CMAGAKJ67e9hRZgfC5SFTbZH8MgEmtqazKXjmkaJjWTJ;81;0;0;0;0.00105;6081947;75086;53;114754;0;0
EKLFRXRLJo1tFnTMdShD1y8nMQcArtxchktBQjVHXPSX;680;0;0;0;0.0034;7662313;11268;673;11385;0;0
Ccip842gzYHhvdDkSyi2YVCoAWPbYJoApMFzSxQroE9C;65;0;0;0.021873;0.022198;8106396;124714;62;130748;0;2.6983
AAitAzLaqgPoLsEjdb6RaRbBShxPWpyJRHxokc2Zsat8;16;0;0;0.003;0.00308;616948;38559;16;38559;0;4.8626
MNFSTqtC93rEfYHB6hF82sKdZpUDFWkViLByLd1k1Ms;1790;0;0;0.00011;0.00906;30684850;17142;1782;17219;0;0.0036
tbd3QdqF7Es36ifxUsW4uhf5fVkba94oKaGYXLZckT6;253;0;0;0;0.001265;2624187;10372;253;10372;0;0
E22mM2hSBAb786m9c9mfdgCopdHVaXqeGF8fuNC7rgFJ;122;0;0;0;0.00061;213134;1747;66;3229;0;0
EMa5knjCt8rrNXvVUiSHLPkrkxHvMNrg2R2HDchRDzDY;320;0;0;0;0.0016;11560025;36125;319;36238;0;0
SRSLY1fq9TJqCk1gNSE7VZL2bztvTn9wm4VR8u8jMKT;408;0;0;0;0.00204;46138209;113084;383;120465;0;0
ajXj7hMUguMEwF2oAsQR7wyV54UcqpubHUAvMGKnHDh;191;0;0;0;0.001065;24710133;129372;171;144504;0;0
6LtLpnUFNByNXLyCoK9wA2MykKAmQNZKBdY8s47dehDc;104;0;0;0.001061;0.001581;38090863;366258;104;366258;0;0.0278
CCTPV2vPZJS2u2BBsUoscuikbYjnpFmbFsvVuJdgUMQe;322;0;0;0.003061;0.006286;15979286;49625;322;49625;0;0.1916
EAA5YxYCFjLo8werxQDJDV6TRjbdXNkq89o5qmsyuBcm;20;0;0;0.001624;0.001774;1314314;65716;20;65716;0;1.2356
3Wn9MScovnLzVB4B8DxtchiPrX7jSanSgvUqSQfBM3MW;303;0;0;0.038883;0.040398;17933807;59187;278;64510;0;2.1681
EXBuYPNgBUXMTsjCbezENRUtFQzjUNZxvPGTd11Pznk5;7;0;0;0.000568;0.000603;275125;39304;7;39304;0;2.066
EoV4Bsncqw1MDobAyobTkvu2dFJqP3PLa5jidoF74eSa;11527;0;0;0;0.057635;608847578;52819;9568;63634;0;0
CMACYFENjoBMHzapRXyo1JZkVS6EtaDDzkjMrmQLvr4J;454;0;0;0;0.00227;16362441;36041;450;36361;0;0
LiMoM9rMhrdYrfzUCxQppvxCSG1FcrUK9G8uLq4A1GF;8;0;0;0.000693;0.000733;3046582;380823;7;435226;0;0.2276
xpo8sHWHkfS6NpVsYwE2t5pTvvdTHSdWUdxh2RtsT1H;311;0;0;0;0.001555;612359;1969;102;6004;0;0
HMq2uadrCJru2bhP1DJrVmjLM7pySS9rP5FGQjg5GULP;46;0;0;0;0.00046;1884766;40973;46;40973;0;0
AUMinudJ3Qnq75vEev6Q39HpbBhAum4raVWct3s4QcZD;3;0;0;0;2e-05;368050;122683;3;122683;0;0
EtrnLzgbS7nMMy5fbD42kXiUzGg8XQzJ972Xtk1cjWih;18975;0;0;0.14778;0.242655;120850875;6369;7466;16187;0;1.2228
zoRabwLGd5zXaV7Gxacppw8tcceXEiTrSKyNLSaSTUc;4;0;0;0;4e-05;619381;154845;4;154845;0;0
MashGQTqcKDZAMevJKST9RYqJTL2Ae9NpcSuCE9WYqK;1034;0;0;0;0.00517;13770954;13318;880;15649;0;0
2DkBHDXSGeDtZMrW1SvFV3pJAEr8LYRN2UjJ89LKGg2P;12;0;0;0.000487;0.000547;631644;52637;12;52637;0;0.7713
Gmso1uvJnLbawvw7yezdfCDcPydwW2s2iqG3w6MDucLo;2;0;0;0;1e-05;177081;88541;2;88541;0;0
FL1PkYoxafDzNSHBR48GNnkX54bk6V5YXewiz81ZcWos;8773;0;0;0;0.043865;97997741;11170;8730;11225;0;0
pyti8TM4zRVBjmarcgAPmTNNAXYKJv7WVHrkrm6woLN;62;0;0;0;0.00031;12296895;198337;62;198337;0;0
inv1tEtSwRMtM44tbvJGNiTxMvDfPVnX9StyqXfDfks;111;0;0;0;0.000985;1762582;15879;111;15879;0;0
KeyspM2ssCJbqUhQ4k7sveSiY4WjnYsrXkC8oDbwde5;844;0;0;0;0.00844;11676914;13835;841;13885;0;0
CRGhjZGv6ttKt8AiqEZd2ZBW7Kp14zXUKjUykoR29LbN;106;0;0;0;0.00106;7160419;67551;106;67551;0;0
vVoLTRjQmtFpiYoegx285Ze4gsLJ8ZxgFKVcuvmG1a8;3150;0;0;0.018035;0.033795;544892723;172982;3139;173588;0;0.0331
EQYRmLmkE7G7a2WQyojwrXg4SeguypCdnbm3ecncizsd;20;0;0;0;0.00019;279444;13972;20;13972;0;0
iLEPWontSkuaCDeg8psrxB3mVHAA39fWWRtinSJcrtJ;234;0;0;0;0.00117;4982437;21292;223;22343;0;0
KvauGMspG5k6rtzrqqn7WNn3oZdyKqLKwK2XWQ8FLjd;1775;0;0;0.004301;0.013176;363330207;204693;1773;204924;0;0.0118
5noZYmNbF6Y9btiFijLtacZTdLTNCoZ5yfbPKamHzTqA;13;0;0;0;6.5e-05;256373;19721;13;19721;0;0
CFjLE5589EiPZvPFiSx7QgktBH8ZTkkGJU2dL7qbJU2a;69;0;0;0.001546;0.002241;3510488;50877;69;50877;0;0.4404
ogpTKmVzXDbSEfCr5mq2tq4pfeVHuSEHoRmWAU1fTp8;926;0;0;0;0.008625;34844661;37629;468;74454;0;0
VisTAPABATtyG5FGQ3twF7Hk6xAi6qBPS5BLuGoSQ3i;17142;0;0;0;0.094415;225645934;13163;13851;16291;0;0
ChainWorksznk6gZyzGHUAxVUNuc79wznbf3DGnVxgyh;2;0;0;0;1e-05;319061;159531;2;159531;0;0
Eo7WjKq67rjJQSZxS6z3YkapzY3eMj6Xy8X5EQVn5UaB;514;0;0;0.022669;0.025239;52141867;101443;478;109083;0;0.4348
AButzjf4rTRL7WerjnruW6Vbvab9iFujcJCsm4E3nwc8;288;0;0;6.5e-05;0.001505;6296407;21863;288;21863;0;0.0102
5e8WewiqFEkSHQojtdCHMuuEQ6K7x3QWax5fpNMiH7KX;251;0;0;0;0.001795;14990428;59723;251;59723;0;0
ECMijTJd3GQDiS5qtsKcaUZgXNyK6Z99UnDxwtdR9ech;2728;0;0;0;0.01364;61107200;22400;2728;22400;0;0
brzp8fNvHCBRi8UcCnTQUgQ2bQ4JnJTJtCvPzpKf2ty;823;0;0;0.591503;0.595618;198405940;241076;746;265960;0;2.9813
CroWg74XNDF8UMnAZVbXx49iVj7iJ7b4CsqTCVWF7aK;234;0;0;0.051309;0.052479;31263731;133606;123;254177;0;1.6412
SP12tWFxD9oJsVWNavTTBZvMbA6gkAmxtVgxdqvyvhY;6;0;0;0.00812;0.00815;132309;22052;6;22052;0;61.3715
AUREUSL1HBkDa8Tt1mmvomXbDykepX28LgmwvK3CqvVn;1;0;0;0;5e-06;4237;4237;1;4237;0;0
6yQ7xPWfRhzNJJLMLyRHXFWVNYPaihaJtMgmXBgFyAdx;9;0;0;0.003;0.003045;361175;40131;8;45147;0;8.3062
CCTPmbSD7gX1bxKPAmg77w8oFzNFpaQiQUWD43TKaecd;639;0;0;0.128949;0.132144;108913677;170444;612;177964;0;1.184
BHMPLPwX2DgxNe9EiyNqMqTfYXtRfaQLpD3USaYnQexp;268;0;0;0;0.00256;11927748;44507;154;77453;0;0
Q72w4coozA552keKDdeeh2EyQw32qfMFsHPu6cbatom;337193;0;0;0;1.685965;13883366;41;294922;47;0;0
King7ki4SKMBPb3iupnQwTyjsq294jaXsgLmJo8cb7T;205278;0;0;0.558129;1.584519;4936445132;24048;111291;44356;0;0.1131
GUAx5MKATvSf9udMT6TvZmomQ6Qyr85ZEdaEazk9kZiv;239;0;0;0;0.00228;3447298;14424;231;14923;0;0
4mtdvZoV3bccQzx6HgGG3XYfffxMaTrHRPL8KqnTM243;2163;0;0;0;0.010815;15153812;7006;2163;7006;0;0
