avg_commission_rate;block_time;epoch;stake_account_count;staker_rewards_sol;total_inflationary_sol;validator_count;voting_rewards_sol
;2021-02-10 15:46:44.000 UTC;150;9738;191834.825036987;213841.884404334;446;22007.059367347
;2021-02-13 15:46:44.000 UTC;151;4932;191432.346972708;213744.87446710502;467;22312.527494397
;2021-02-16 15:46:44.000 UTC;152;5571;191890.472569632;213647.84307240898;480;21757.370502777
;2021-02-19 15:46:44.000 UTC;153;6026;192287.8976878;213550.720650562;482;21262.822962762
;2021-02-23 11:38:19.000 UTC;154;6402;193376.775402722;213453.519678807;488;20076.744276085
;2021-02-27 02:02:19.000 UTC;155;7068;193454.196737825;213356.314321879;493;19902.117584054
;2021-03-02 16:26:19.000 UTC;156;7548;193772.118821483;213259.08736163;496;19486.968540147
;2021-03-06 04:03:38.000 UTC;157;7846;193563.89536352;213161.869571803;503;19597.974208283
;2021-03-09 05:51:31.000 UTC;158;8050;193690.497919346;213064.614673009;507;19374.116753663
;2021-03-12 06:02:21.000 UTC;159;8269;193499.646286841;212967.33466944;508;19467.688382599
;2021-03-15 02:07:58.000 UTC;160;8460;193228.726081293;212870.037703446;510;19641.311622153
;2021-03-17 22:12:51.000 UTC;161;8637;193202.039640501;212772.706306513;511;19570.666666012
;2021-03-20 14:50:54.000 UTC;162;7184;160155.318972501;212675.346280049;534;52520.027307548
;2021-03-23 10:40:09.000 UTC;163;9009;159911.924270718;212577.946512999;534;52666.022242281
;2021-03-26 08:27:37.000 UTC;164;9043;158691.683548372;212480.499982628;532;53788.816434256
;2021-03-29 06:53:32.000 UTC;165;9172;158018.472157983;212383.021393654;537;54364.549235671
;2021-04-01 07:04:17.000 UTC;166;9370;158292.677107498;212285.508226;537;53992.831118502
;2021-04-04 09:04:04.000 UTC;167;9660;158231.18586959;212187.962326531;539;53956.776456941
;2021-04-07 07:31:01.000 UTC;168;9875;157818.541477319;212090.384137632;538;54271.842660313
;2021-04-10 05:53:59.000 UTC;169;10227;157965.425097011;211992.758149922;540;54027.333052911
;2021-04-13 03:32:12.000 UTC;170;11259;154045.586013962;211895.09806158498;542;57849.512047623
;2021-04-16 02:30:37.000 UTC;171;13313;152842.201911407;211797.401455055;545;58955.199543648
;2021-04-19 02:02:03.000 UTC;172;14931;153000.545208295;211699.66923104197;546;58699.124022747
;2021-04-22 01:45:15.000 UTC;173;16285;147718.13729792;211601.89297261302;556;63883.755674693
;2021-04-24 15:37:58.000 UTC;174;17989;139016.816429704;211504.03091787797;563;72487.214488174
;2021-04-27 05:24:49.000 UTC;175;19393;138943.94944794;211406.145083044;562;72462.195635104
;2021-04-29 19:13:42.000 UTC;176;21534;138078.389195945;211308.231091429;562;73229.841895484
;2021-05-02 10:10:42.000 UTC;177;24574;137852.504435441;211210.285661746;570;73357.781226305
;2021-05-05 04:19:15.000 UTC;178;27391;137702.2786521;211112.322378509;569;73410.043726409
;2021-05-07 23:34:58.000 UTC;179;29219;138028.826133978;211014.347379376;573;72985.521245398
;2021-05-10 18:19:17.000 UTC;180;30728;138302.286778239;210916.330797439;575;72614.0440192
;2021-05-13 13:24:18.000 UTC;181;32791;136617.276838796;210818.263469255;572;74200.986630459
;2021-05-16 08:29:06.000 UTC;182;34041;138520.639038458;210720.158005981;572;72199.518967523
;2021-05-19 04:42:06.000 UTC;183;36301;138320.432308633;210622.02343970299;575;72301.59113107
;2021-05-22 03:07:36.000 UTC;184;38818;138072.604906876;210523.852661739;573;72451.247754863
;2021-05-25 07:12:08.000 UTC;185;40770;139038.465989303;210425.64766348;571;71387.181674177
;2021-05-28 08:53:56.000 UTC;186;41961;139618.673299635;210327.461826843;570;70708.788527208
;2021-05-31 11:10:24.000 UTC;187;43867;138793.743546621;210229.23527919402;565;71435.491732573
;2021-06-03 10:59:38.000 UTC;188;45410;138071.26005673;210130.940040334;568;72059.679983604
;2021-06-06 11:42:04.000 UTC;189;47334;137738.609385237;210032.60322356402;564;72293.993838327
;2021-06-09 11:28:11.000 UTC;190;48938;138461.096769605;209934.25249198702;566;71473.155722382
;2021-06-12 11:37:15.000 UTC;191;51179;138293.606017539;209835.87453488298;571;71542.268517344
;2021-06-15 12:26:49.000 UTC;192;53625;138573.430578436;209737.471162409;574;71164.040583973
;2021-06-18 13:13:05.000 UTC;193;54856;138356.65264573;209639.029556992;587;71282.376911262
;2021-06-21 14:09:38.000 UTC;194;56423;138549.200944018;209540.552548278;591;70991.35160426
;2021-06-24 14:54:13.000 UTC;195;57543;138272.762623846;209442.044986072;612;71169.282362226
;2021-06-27 15:52:04.000 UTC;196;59472;137574.866478396;209343.500788113;616;71768.634309717
;2021-06-30 17:28:19.000 UTC;197;61611;137961.059502977;209244.927328414;627;71283.867825437
;2021-07-03 19:49:49.000 UTC;198;63456;137934.743434201;209146.328993719;631;71211.585559518
;2021-07-06 21:44:25.000 UTC;199;64994;137023.121768629;209047.691751172;646;72024.569982543
;2021-07-10 00:02:06.000 UTC;200;66306;136787.129476319;208949.02177463402;654;72161.892298315
;2021-07-13 03:47:41.000 UTC;201;69269;137787.659953409;208850.320114882;659;71062.660161473
;2021-07-16 07:13:14.000 UTC;202;90623;138429.789096887;208751.583575032;695;70321.794478145
0.08013901304458654;2021-07-19 11:34:22.000 UTC;203;110516;134259.538763871;208652.82350453;706;74393.284740659
;2021-07-22 15:43:18.000 UTC;204;109896;129682.377362002;208554.029737417;716;78871.652375415
0.0785854469568513;2021-07-25 20:16:24.000 UTC;205;129002;129970.693807905;208455.205986435;735;78484.51217853
0.07913519843593392;2021-07-28 17:46:29.000 UTC;206;149796;132170.982201007;208356.339700551;750;76185.357499544
0.0797843404305132;2021-07-31 10:30:41.000 UTC;207;150455;131360.156963753;208257.373256103;759;76897.21629235
0.07922725633046664;2021-08-03 03:15:19.000 UTC;208;119574;130371.607876033;208158.32924864;775;77786.721372607
0.07874401842115358;2021-08-05 19:14:31.000 UTC;209;154219;130215.551575051;208059.251614324;780;77843.700039273
0.07910829146911637;2021-08-08 12:20:12.000 UTC;210;162591;130007.935398455;207960.13975993998;787;77952.204361485
0.08000088115209386;2021-08-11 06:15:20.000 UTC;211;175252;131231.140997486;207860.99507400603;814;76629.85407652
0.07929241691211474;2021-08-14 03:15:27.000 UTC;212;145010;130629.093362924;207761.819221337;818;77132.725858413
0.07935264450747001;2021-08-17 00:48:36.000 UTC;213;179319;130775.035406065;207662.62302954;820;76887.587623475
0.07968324005592532;2021-08-20 00:28:17.000 UTC;214;183364;130021.646904071;207563.39541933202;842;77541.748515261
0.07947359347516011;2021-08-22 21:06:06.000 UTC;215;187847;130845.97654051;207464.10852763202;848;76618.131987122
0.07946640794049185;2021-08-25 17:23:24.000 UTC;216;146582;131484.31385932;207364.78746266;861;75880.47360334
0.07974738118049995;2021-08-28 13:05:33.000 UTC;217;196107;132103.943962591;207265.438801754;872;75161.494839163
0.07941125163704293;2021-08-31 06:15:53.000 UTC;218;200697;129073.802095398;207166.051150069;897;78092.249054671
0.07977479036278107;2021-09-02 20:40:26.000 UTC;219;162125;128999.039064516;207066.614654074;909;78067.575589558
0.07960273875249725;2021-09-05 09:12:26.000 UTC;220;165851;128291.366122963;206967.124898614;920;78675.758775651
0.07978186541407799;2021-09-07 23:25:00.000 UTC;221;170920;128092.927430083;206867.605342664;928;78774.677912581
0.0802175717189446;2021-09-10 14:46:32.000 UTC;222;174453;127373.905204223;206768.04354203;927;79394.138337807
0.08275738804604295;2021-09-13 06:04:15.000 UTC;223;187732;127306.657370949;206668.447583075;958;79361.790212126
0.08217637232256761;2021-09-16 11:13:09.000 UTC;224;200404;127297.875915325;206568.832507279;965;79270.956591954
0.08195099172105674;2021-09-18 23:07:15.000 UTC;225;203677;127899.426479643;206469.156667658;969;78569.730188015
0.08214543879646666;2021-09-21 11:49:32.000 UTC;226;210463;127797.946900995;206369.45004707598;980;78571.503146081
0.08225408732153727;2021-09-24 03:16:24.000 UTC;227;213719;127807.216688036;206269.710338083;980;78462.493650047
0.0820775340135759;2021-09-26 20:22:31.000 UTC;228;221661;127979.502845313;206169.941247291;982;78190.438401978
0.08260677360413181;2021-09-29 12:54:10.000 UTC;229;227340;127883.778646568;206070.13582034898;1001;78186.357173781
0.0825642418069006;2021-10-02 05:38:34.000 UTC;230;233548;128177.802732733;205970.30792794703;1008;77792.505195214
0.082443341339562;2021-10-04 23:43:38.000 UTC;231;237396;128464.764500537;205870.446467601;1018;77405.681967064
0.0827927152319104;2021-10-07 16:38:49.000 UTC;232;243885;128339.183622721;205770.561801412;1024;77431.378178691
0.08251614768398899;2021-10-10 03:19:50.000 UTC;233;290776;128400.758523797;205670.631694237;1030;77269.87317044
0.08244896034561683;2021-10-12 13:35:25.000 UTC;234;305925;128169.358539402;205570.666900643;1043;77401.308361241
0.08264253981391162;2021-10-14 21:31:00.000 UTC;235;322635;129125.65216037;205470.652462312;1048;76345.000301942
0.08265043962058845;2021-10-17 06:12:12.000 UTC;236;276504;129384.353183889;205370.602723827;1061;75986.249539938
0.08266697971421762;2021-10-19 14:43:37.000 UTC;237;277666;129527.403444919;205270.525270787;1067;75743.121825868
0.08183985221984864;2021-10-22 01:15:15.000 UTC;238;281059;129756.467951828;205170.42562001199;1076;75413.957668184
0.08212763396048084;2021-10-24 11:32:06.000 UTC;239;284924;129844.939627973;205070.30492683;1099;75225.365298857
0.08215909494052294;2021-10-26 21:40:56.000 UTC;240;287662;129872.403014188;204970.148757081;1101;75097.745742893
0.08187296193324661;2021-10-29 10:06:05.000 UTC;241;306803;129075.582776966;204869.964372358;1099;75794.381595392
0.08183763415817287;2021-10-31 21:46:34.000 UTC;242;311641;128927.74799331;204769.74153894698;1114;75841.993545637
0.08175983110055803;2021-11-03 10:35:37.000 UTC;243;298103;128801.296628077;204669.496699067;1119;75868.20007099
0.08157418380687709;2021-11-05 22:57:36.000 UTC;244;336164;129089.828269023;204569.214350506;1125;75479.386081483
0.08140470319530767;2021-11-08 10:53:34.000 UTC;245;359823;128864.708229258;204468.917488524;1134;75604.209259266
0.08158415272732421;2021-11-11 01:49:24.000 UTC;246;368779;128945.515518595;204368.592973558;1140;75423.077454963
0.08157788826528715;2021-11-13 17:28:21.000 UTC;247;308408;128841.274634115;204268.22107636;1166;75426.946442245
0.08152802120267003;2021-11-16 07:56:53.000 UTC;248;315238;128716.870963879;204167.80566271802;1169;75450.934698839
0.08152409717332276;2021-11-19 00:19:43.000 UTC;249;333082;128035.50884978;204067.374218826;1173;76031.865369046
0.08147995012846991;2021-11-21 13:59:46.000 UTC;250;334938;128501.034607482;203966.90542084898;1194;75465.870813367
0.07985582416899012;2021-11-24 05:56:28.000 UTC;251;338872;129297.473770282;203866.42824584298;1197;74568.954475561
0.07982652183280024;2021-11-27 00:10:10.000 UTC;252;341367;128693.296493799;203765.915052342;1200;75072.618558543
0.07996599124820668;2021-11-29 17:18:35.000 UTC;253;343932;129010.136785458;203665.37344504398;1214;74655.236659586
0.08005149649729879;2021-12-02 14:29:29.000 UTC;254;347559;128756.464319499;203564.817590801;1226;74808.353271302
0.081754785828966;2021-12-05 13:25:21.000 UTC;255;351666;127995.852310357;203464.26101467002;1239;75468.408704313
0.07987734319658414;2021-12-08 10:05:48.000 UTC;256;355859;128431.789417421;203363.656572104;1253;74931.867154683
0.07983425049626906;2021-12-11 06:58:23.000 UTC;257;355088;128438.314125435;203263.034138551;1262;74824.720013116
0.0801115069337461;2021-12-14 06:50:43.000 UTC;258;357875;128105.878812676;203162.433447991;1274;75056.554635315
0.07940524363948226;2021-12-17 00:35:02.000 UTC;259;358477;129206.902727134;203061.72620267002;1277;73854.823475536
0.07993848365822558;2021-12-19 18:00:45.000 UTC;260;358081;128861.867445706;202960.994127112;1295;74099.126681406
0.07972139083106679;2021-12-22 13:48:03.000 UTC;261;400837;128838.068107068;202860.244848465;1301;74022.176741397
0.07949953196275797;2021-12-25 06:34:01.000 UTC;262;374498;128711.901946051;202759.4368578;1313;74047.534911749
0.0793631638546245;2021-12-27 21:36:15.000 UTC;263;373936;128815.169712486;202658.603676174;1323;73843.433963688
0.07947109242896062;2021-12-30 19:34:39.000 UTC;264;433954;129533.041882832;202557.786222052;1329;73024.74433922
0.07985147714800211;2022-01-02 14:29:37.000 UTC;265;389717;128748.810353657;202456.927244435;1338;73708.116890778
0.07967819546202637;2022-01-05 11:55:32.000 UTC;266;416049;128766.372060406;202356.076150447;1339;73589.704090041
0.07963267924677203;2022-01-08 16:14:42.000 UTC;267;390683;128210.923502932;202255.292151189;1344;74044.368648257
0.07975299377748322;2022-01-11 14:41:27.000 UTC;268;398901;129055.683225041;202154.437530681;1357;73098.75430564
0.07867308038048614;2022-01-14 11:45:23.000 UTC;269;395954;128763.125818349;202053.50064072;1361;73290.374822371
0.0795907118289894;2022-01-17 09:32:29.000 UTC;270;395579;128581.000945507;201952.55139907;1378;73371.550453563
0.07953308434939665;2022-01-20 11:15:36.000 UTC;271;397328;129624.378982868;201851.62620570202;1392;72227.247222834
0.079282852015137;2022-01-23 18:42:04.000 UTC;272;400423;128752.708905372;201750.851421865;1408;72998.142516493
0.07972785820424103;2022-01-26 14:29:00.000 UTC;273;396259;128575.982587219;201649.814611824;1418;73073.832024605
0.07993770264581328;2022-01-29 10:45:35.000 UTC;274;400756;128128.218323788;201548.76328870998;1425;73420.544964922
0.08005425790076065;2022-02-01 06:03:22.000 UTC;275;400434;128506.5923436;201447.688464737;1429;72941.096121137
0.0800286277380159;2022-02-04 02:33:47.000 UTC;276;403716;128127.57539286;201346.613877479;1440;73219.038484619
0.07992498180900048;2022-02-06 21:40:48.000 UTC;277;403989;128488.625682306;201245.491052774;1453;72756.865370468
0.07957862058809133;2022-02-09 19:26:40.000 UTC;278;421450;128657.425970044;201144.363313982;1460;72486.937343938
0.07957182559510398;2022-02-12 17:28:05.000 UTC;279;413409;128544.339447583;201043.229716241;1471;72498.890268658
0.07960217749652958;2022-02-15 14:56:11.000 UTC;280;415808;128516.486130381;200942.06940096302;1489;72425.583270582
0.07950995519374385;2022-02-18 12:14:28.000 UTC;281;414847;128173.643416022;200840.890669525;1500;72667.247253503
0.07922444200011207;2022-02-21 10:45:21.000 UTC;282;417326;128486.218341295;200739.74186732;1512;72253.523526025
0.07915538647229428;2022-02-24 09:37:00.000 UTC;283;416655;128294.011941713;200638.566048998;1516;72344.554107285
0.07900086243156038;2022-02-27 08:35:41.000 UTC;284;420040;128161.241822525;200537.367347366;1522;72376.125524841
0.07897871800895002;2022-03-02 08:02:05.000 UTC;285;417461;128403.379369913;200436.137983332;1530;72032.758613419
0.07898262730930519;2022-03-05 07:12:23.000 UTC;286;426705;127398.630569839;200334.89293643;1538;72936.262366591
0.0787595380344074;2022-03-08 05:53:15.000 UTC;287;421415;127558.873525323;200233.620227875;1550;72674.746702552
0.07864766648800682;2022-03-11 06:23:00.000 UTC;288;426310;127562.498702709;200132.362298072;1553;72569.863595363
0.07878157277444112;2022-03-14 03:29:18.000 UTC;289;424627;127438.419194578;200031.040613696;1563;72592.621419118
0.07890015578293515;2022-03-17 00:10:34.000 UTC;290;427415;127493.122424248;199929.708873327;1583;72436.586449079
0.07905116250600297;2022-03-19 18:20:02.000 UTC;291;425792;127817.576820241;199828.33862055;1576;72010.761800309
0.07891458683575107;2022-03-22 13:28:50.000 UTC;292;429806;127016.499780523;199726.964788852;1590;72710.465008329
0.07887869486060298;2022-03-25 07:43:25.000 UTC;293;430666;127410.737067347;199625.575386716;1597;72214.838319369
0.07855404956703238;2022-03-28 01:34:43.000 UTC;294;433622;126941.617567931;199524.18226974498;1605;72582.564701814
0.07857123923672087;2022-03-30 19:01:45.000 UTC;295;429931;126172.584020395;199422.74307644;1609;73250.159056045
0.07872418753883763;2022-04-02 13:37:01.000 UTC;296;434435;125108.426517929;199321.338685828;1617;74212.912167899
0.07839772670791066;2022-04-05 07:45:34.000 UTC;297;431556;124797.35410112;199220.010948143;1629;74422.656847023
0.0785395552925992;2022-04-08 04:44:54.000 UTC;298;433849;126218.974127346;199118.735082659;1639;72899.760955313
0.07812316547299726;2022-04-10 23:25:53.000 UTC;299;433289;126307.168594194;199017.50214944;1651;72710.333555246
0.07870901239275174;2022-04-13 20:10:49.000 UTC;300;437489;126112.715157476;198916.109139008;1661;72803.393981532
0.07826137590784929;2022-04-16 18:13:11.000 UTC;301;435630;126240.53413793;198814.57081760798;1661;72574.036679678
0.07796169199578479;2022-04-19 20:21:47.000 UTC;302;440283;127125.313130277;198713.07709941402;1680;71587.763969137
0.07780640290628642;2022-04-22 20:34:29.000 UTC;303;437639;125508.630569583;198611.514701024;1687;73102.884131441
0.07768154663362135;2022-04-25 22:13:09.000 UTC;304;442854;125416.33462889;198509.962617075;1702;73093.627988185
0.0777748604773546;2022-04-29 04:26:01.000 UTC;305;441325;125356.335627949;198408.442478732;1716;73052.106850783
0.07743481029253677;2022-05-02 16:50:20.000 UTC;306;443704;123298.678095898;198306.949267425;1717;75008.271171527
0.0776171135757972;2022-05-05 18:19:45.000 UTC;307;437201;124031.288195726;198205.302669993;1723;74174.014474267
0.07757047651688372;2022-05-08 21:12:32.000 UTC;308;442187;123662.028013952;198103.65580878902;1716;74441.627794837
0.0775356453202025;2022-05-12 06:07:55.000 UTC;309;441388;123344.603431129;198002.0889948;1719;74657.485563671
0.07728858985669956;2022-05-15 17:00:56.000 UTC;310;443395;122817.093855111;197900.516212616;1715;75083.422357505
0.07602973183494995;2022-05-19 03:44:51.000 UTC;311;441502;123734.993132837;197798.93013679;1725;74063.937003953
0.07603910435053289;2022-05-22 12:23:42.000 UTC;312;445530;124372.223757199;197697.321455534;1724;73325.097698335
0.07683977768792973;2022-05-26 02:47:44.000 UTC;313;442594;122831.380061599;197595.708485917;1743;74764.328424318
0.07545651668043672;2022-05-29 17:11:46.000 UTC;314;449106;124013.74834258;197494.13537021802;1753;73480.387027638
0.07537594341724017;2022-06-02 07:35:46.000 UTC;315;443876;123670.012316649;197392.51096618897;1771;73722.49864954
0.07559741857421155;2022-06-06 02:26:51.000 UTC;316;449316;123494.635774497;197290.776591471;1763;73796.140816974
0.07560573935958288;2022-06-09 18:50:45.000 UTC;317;447365;123443.896328373;197189.07457452902;1757;73745.178246156
0.07548908228518107;2022-06-13 06:50:30.000 UTC;318;450611;123253.418238851;197087.354936047;1761;73833.936697196
0.07556285878605545;2022-06-16 21:44:21.000 UTC;319;445914;123382.699641331;196985.67306534;1763;73602.973424009
0.07594620374213644;2022-06-20 04:39:12.000 UTC;320;448044;123451.273580285;196883.81573151698;1760;73432.542151232
0.07650969653961842;2022-06-23 07:29:33.000 UTC;321;445160;123123.825327898;196781.92685846;1758;73658.101530562
0.07650604214051435;2022-06-26 13:44:01.000 UTC;322;448670;121258.315198432;196680.052696232;1761;75421.7374978
0.07660671734297661;2022-06-29 16:36:20.000 UTC;323;445461;121004.819481232;196578.135567664;1768;75573.316086432
0.07675701510384778;2022-07-02 22:08:24.000 UTC;324;449747;118777.068897505;196476.21511256002;1776;77699.146215055
0.07666084763055715;2022-07-06 03:09:12.000 UTC;325;445227;118741.597427678;196374.30277781602;1792;77632.705350138
0.07659621449273393;2022-07-09 09:04:57.000 UTC;326;452056;118057.981835663;196272.350932097;1805;78214.369096434
0.0765621291596774;2022-07-12 10:26:30.000 UTC;327;451306;118543.165027104;196170.362499561;1822;77627.197472457
0.07671885404513779;2022-07-15 12:02:05.000 UTC;328;454516;118652.096648172;196068.353088715;1826;77416.256440543
0.07653320574459321;2022-07-18 19:09:28.000 UTC;329;452983;118730.580056405;195966.367119834;1845;77235.787063429
0.07656820251134644;2022-07-21 21:56:38.000 UTC;330;457373;117997.022261368;195864.351109307;1853;77867.328847939
0.07657651760085708;2022-07-24 19:20:03.000 UTC;331;455212;118505.151956344;195762.29927646898;1858;77257.147320125
0.07666333855583612;2022-07-27 21:26:15.000 UTC;332;457525;117690.090142347;195660.253324106;1856;77970.163181759
0.07667161694636207;2022-07-30 22:22:28.000 UTC;333;458491;117527.043164084;195558.18832585798;1859;78031.145161774
0.07664126335376636;2022-08-03 00:02:48.000 UTC;334;461240;118395.555884931;195456.11367917102;1869;77060.55779424
0.07693077674047318;2022-08-05 22:37:49.000 UTC;335;459812;117631.41111688;195354.004412597;1888;77722.593295717
0.07704301814673968;2022-08-08 20:21:34.000 UTC;336;459473;117829.827327962;195251.87368732202;1895;77422.04635936
0.07655920232172074;2022-08-11 23:19:15.000 UTC;337;457517;118742.687191217;195149.74043772102;1897;76407.053246504
0.07654235685706573;2022-08-14 23:56:52.000 UTC;338;534841;118405.986532877;195047.625762008;1897;76641.639229131
0.07651934817141036;2022-08-17 23:06:55.000 UTC;339;482676;116862.585886819;194945.497624457;1901;78082.911737638
0.0767003625183909;2022-08-20 19:29:00.000 UTC;340;523017;120156.025507601;194843.356197318;1897;74687.330689717
0.07676429011473815;2022-08-23 15:51:57.000 UTC;341;517324;117914.439453491;194741.18240024598;1896;76826.742946755
0.07623041183922707;2022-08-26 15:29:12.000 UTC;342;494301;117763.665415019;194639.002970095;1894;76875.337555076
0.07395153974953078;2022-08-29 09:13:09.000 UTC;343;493093;118691.681291406;194536.79218704998;1904;75845.110895644
0.0736552063474219;2022-09-01 05:58:27.000 UTC;344;556181;118248.938645395;194434.588043335;1913;76185.64939794
0.07408473501671485;2022-09-04 00:41:56.000 UTC;345;493892;118227.229242188;194332.370871237;1917;76105.141629049
0.07400035058629101;2022-09-06 19:28:47.000 UTC;346;494840;118092.824974772;194230.118233526;1931;76137.293258754
0.07387870174453395;2022-09-09 16:16:09.000 UTC;347;495608;118056.920788033;194127.871584567;1932;76070.950796534
0.07364829355710549;2022-09-12 13:15:16.000 UTC;348;499753;118419.245799591;194025.621197891;1944;75606.3753983
0.07379369227089855;2022-09-15 10:29:27.000 UTC;349;497447;118642.728268865;193923.36799813202;1959;75280.639729267
0.07312850625879362;2022-09-18 08:26:46.000 UTC;350;481411;118708.667199447;193821.13187072298;1961;75112.464671276
0.07307507747808836;2022-09-21 04:40:11.000 UTC;351;480541;119005.10626108;193718.885504329;1971;74713.779243249
0.07330826065125823;2022-09-24 00:20:16.000 UTC;352;485091;118073.461543197;193616.610868071;1977;75543.149324874
0.07304432922944995;2022-09-26 15:11:46.000 UTC;353;480563;117152.263827388;193514.290823747;1999;76362.026996359
0.07286171142179251;2022-09-29 10:56:49.000 UTC;354;487509;116744.36623014;193412.013313159;2007;76667.647083019
0.0730047062079711;2022-10-02 15:11:34.000 UTC;355;484620;116678.305673322;193309.732522301;2010;76631.426848979
0.0733114530947254;2022-10-05 11:38:17.000 UTC;356;484794;117034.885036358;193207.40875924798;2006;76172.52372289
0.0734185099100224;2022-10-08 01:58:43.000 UTC;357;486275;117089.490472145;193105.049854692;2298;76015.559382547
0.07338295510225495;2022-10-10 14:35:56.000 UTC;358;489515;116809.387871039;193002.664379981;2020;76193.276508942
0.0729745334445358;2022-10-13 08:03:23.000 UTC;359;487900;116700.916379887;192900.293104466;2313;76199.376724579
0.07288183176163017;2022-10-15 21:02:52.000 UTC;360;486669;117033.508977705;192797.949362043;2321;75764.440384338
0.07320318136078091;2022-10-18 05:41:19.000 UTC;361;484970;117477.694347004;192695.584814629;2329;75217.890467625
0.07332213117264916;2022-10-20 15:24:27.000 UTC;362;488398;117194.488316424;192593.204253723;2335;75398.715937299
0.07286849727683348;2022-10-22 21:11:44.000 UTC;363;489917;117085.804220067;192490.779858167;2348;75404.9756381
0.0723404707949756;2022-10-25 02:12:59.000 UTC;364;492570;117039.830789512;192388.344731516;2353;75348.513942004
0.07318652473005825;2022-10-27 09:04:06.000 UTC;365;489450;116659.714882355;192285.90407369;2365;75626.189191335
0.07334086456391012;2022-10-29 15:21:39.000 UTC;366;489471;116216.786165824;192183.469630773;2379;75966.683464949
0.07362773858889392;2022-10-31 22:25:21.000 UTC;367;487373;116107.893011278;192081.016559354;2400;75973.123548076
0.0720474236476677;2022-11-03 05:20:12.000 UTC;368;493877;114773.165566274;191978.652445885;2413;77205.486879611
0.06896479906731472;2022-11-05 11:03:59.000 UTC;369;462023;109985.398035083;191876.41815211799;2414;81891.020117035
0.07014989919453196;2022-11-07 19:11:55.000 UTC;370;464907;112142.877106357;191774.127523972;2413;79631.250417615
0.07028790325201946;2022-11-10 08:33:19.000 UTC;371;466442;112905.84961674;191671.615299796;2414;78765.765683056
0.07201570447624746;2022-11-12 22:20:33.000 UTC;372;464358;116057.467745376;191569.207407721;2412;75511.739662345
0.07202415194612828;2022-11-15 07:53:40.000 UTC;373;459628;115899.113051769;191466.859343311;2412;75567.746291542
0.07237122613287059;2022-11-17 15:21:26.000 UTC;374;460642;115985.655834559;191364.519468804;2416;75378.863634245
0.07210712095365236;2022-11-19 20:43:55.000 UTC;375;460214;115767.484333515;191262.157618784;2414;75494.673285269
0.07304792094511928;2022-11-22 02:33:23.000 UTC;376;461309;117422.174140548;191159.743429009;2414;73737.569288461
0.07287978937286435;2022-11-24 08:31:27.000 UTC;377;458345;119719.460824804;191057.311091703;2416;71337.850266899
0.07251530330333855;2022-11-26 13:23:21.000 UTC;378;463609;126840.650661531;190954.886696801;2427;64114.23603527
0.0726111349207144;2022-11-28 18:06:55.000 UTC;379;460849;125992.832813909;190852.45849380898;2424;64859.6256799
0.07259838477772622;2022-11-30 22:52:03.000 UTC;380;464763;123760.571818249;190750.02739974;2426;66989.455581491
0.07244596662537967;2022-12-03 03:44:51.000 UTC;381;460079;124699.727914098;190647.59430804098;2431;65947.866393943
0.07237109588030709;2022-12-05 08:25:11.000 UTC;382;459947;120605.95308386;190545.16038735502;2436;69939.207303495
0.07244854902896344;2022-12-07 13:00:11.000 UTC;383;457957;122220.432704857;190442.704731439;2423;68222.272026582
0.07212736921577616;2022-12-09 17:47:15.000 UTC;384;462444;120067.954887393;190340.243233179;2435;70272.288345786
0.07190058208749867;2022-12-11 22:13:02.000 UTC;385;461219;120574.808876289;190237.777130403;2440;69662.968254114
0.07195399583458556;2022-12-14 03:21:51.000 UTC;386;464277;120242.167161873;190135.303902832;2445;69893.136740959
0.07188169520704049;2022-12-16 09:06:16.000 UTC;387;460186;120008.331132227;190032.827348091;2454;70024.496215864
0.07172552717635954;2022-12-18 14:48:14.000 UTC;388;463644;122432.480538911;189930.33044288598;2464;67497.849903975
0.07168305717156116;2022-12-20 20:28:00.000 UTC;389;462301;122570.185370772;189827.82994712;2468;67257.644576348
0.07201279294120322;2022-12-23 02:21:35.000 UTC;390;466671;121983.795886931;189725.330684854;2474;67741.534797923
0.07196803261729832;2022-12-25 08:36:21.000 UTC;391;462492;118320.309937588;189622.82289428898;2489;71302.512956701
0.07181661609567688;2022-12-27 15:03:30.000 UTC;392;463405;118107.57649716;189520.31058381102;2509;71412.734086651
0.07181544992301275;2022-12-29 22:38:10.000 UTC;393;458493;115289.073979685;189417.768197786;2537;74128.694218101
0.07169479364083314;2023-01-01 06:34:04.000 UTC;394;456900;114861.060921779;189315.22101675998;2555;74454.160094981
0.07116098556321811;2023-01-03 17:14:08.000 UTC;395;451930;114176.016437671;189212.64414358;2570;75036.627705909
0.07138555081922641;2023-01-06 07:55:41.000 UTC;396;456910;114919.57336758;189109.934223114;2576;74190.360855534
0.07107901621037103;2023-01-08 22:54:09.000 UTC;397;453564;114816.698354104;189007.326942486;2579;74190.628588382
0.0708145729959605;2023-01-11 12:55:47.000 UTC;398;458729;114912.980743729;188904.66283144;2595;73991.682087711
0.07060641848713352;2023-01-14 01:49:21.000 UTC;399;455939;114626.387271214;188801.965444832;2603;74175.578173618
0.07054763067786872;2023-01-16 14:02:26.000 UTC;400;458520;114676.133851865;188699.27024803602;2622;74023.136396171
0.07060656030292199;2023-01-19 02:49:29.000 UTC;401;455067;116423.680428096;188596.62788008898;2628;72172.947451993
0.06947633424266816;2023-01-21 16:26:48.000 UTC;402;457521;115050.585375172;188493.978797201;2678;73443.393422029
0.07049607828882067;2023-01-24 05:26:36.000 UTC;403;454278;116274.930342259;188391.285968724;2936;72116.355626465
0.07011003590887402;2023-01-26 18:23:53.000 UTC;404;459813;116799.652465312;188288.617474799;2969;71488.965009487
0.06978283923634913;2023-01-29 07:00:43.000 UTC;405;456021;116640.581517261;188186.016466448;2994;71545.434949187
0.07001833589973888;2023-01-31 22:43:50.000 UTC;406;454337;116452.139072437;188083.370681751;3019;71631.231609314
0.07016215379957981;2023-02-03 13:04:14.000 UTC;407;449556;115599.791170018;187980.724239468;3046;72380.93306945
0.07002213859301941;2023-02-06 01:11:17.000 UTC;408;452881;115562.910770231;187878.051179327;3052;72315.140409096
0.06963453741023069;2023-02-08 11:17:54.000 UTC;409;449735;115431.067988678;187775.34981645;3062;72344.281827772
0.06974679813868397;2023-02-11 00:29:35.000 UTC;410;453646;114636.649926918;187672.52664175403;3073;73035.876714836
0.06958285754066255;2023-02-13 11:39:00.000 UTC;411;448847;114376.015637583;187569.836068089;3103;73193.820430506
0.06932410383786912;2023-02-18 14:50:55.000 UTC;413;451183;114264.951097836;187364.459855786;3140;73099.50875795
0.06935641145678205;2023-02-21 04:30:05.000 UTC;414;455646;112112.576502259;187261.75038961;3152;75149.173887351
0.06939630132244726;2023-02-23 18:03:20.000 UTC;415;454499;111796.225045058;187159.047588115;3172;75362.822543057
0.06942971444214657;2023-02-27 00:58:27.000 UTC;416;460345;112017.083526493;187056.33994879;3173;75039.256422297
0.07015616235160434;2023-03-01 10:16:50.000 UTC;417;458335;112750.382063286;186953.57577492;3175;74203.193711634
0.06977358015103419;2023-03-03 19:09:56.000 UTC;418;464062;113742.16877337;186850.796115018;3175;73108.627341648
0.07113651329835351;2023-03-06 03:15:44.000 UTC;419;466376;114206.269681508;186748.018489609;3176;72541.748808101
0.07123998213996927;2023-03-08 11:38:45.000 UTC;420;472253;116250.562411159;186645.248723205;3176;70394.686312046
0.07146952791856136;2023-03-10 20:57:05.000 UTC;421;472666;116301.587901362;186542.467331509;3178;70240.879430147
0.07161037912984154;2023-03-13 05:36:43.000 UTC;422;479889;116967.881043506;186439.49662865902;3180;69471.615585153
0.07171441898362171;2023-03-15 14:21:16.000 UTC;423;481189;117660.261293344;186336.796002755;3182;68676.534709411
0.07184562015125076;2023-03-17 22:48:02.000 UTC;424;488094;118276.812630315;186234.161979108;3184;67957.349348793
0.07196398864808076;2023-03-20 05:19:32.000 UTC;425;487146;118613.458238309;186131.565643348;3179;67518.107405039
0.07221046000371868;2023-03-22 12:35:35.000 UTC;426;501357;118691.348421349;186028.969986412;3184;67337.621565063
0.07230956157591324;2023-03-24 20:11:19.000 UTC;427;499089;118667.421612363;185926.40519672498;3188;67258.983584362
0.07221332388383972;2023-03-27 02:30:30.000 UTC;428;493820;118379.029451342;185823.865753264;3191;67444.836301922
0.07232662426829306;2023-03-29 09:03:07.000 UTC;429;496989;118654.49000699;185721.330275462;3207;67066.840268472
0.07274571823559466;2023-03-31 15:52:35.000 UTC;430;516726;115875.245609091;185618.788397628;3211;69743.542788537
0.07284883968011924;2023-04-02 22:55:33.000 UTC;431;501978;115596.318492491;185516.251661106;3216;69919.933168615
0.07279532114311511;2023-04-05 06:03:50.000 UTC;432;511373;115992.225647212;185413.71102080902;3230;69421.485373597
0.07275418114689117;2023-04-07 12:45:48.000 UTC;433;510350;115869.36573697;185311.168442603;3239;69441.802705633
0.07264174206073788;2023-04-09 19:11:22.000 UTC;434;515305;115881.529313957;185208.63420067698;3249;69327.10488672
0.07254130542494742;2023-04-12 02:12:56.000 UTC;435;514082;115502.237781479;185106.079193422;3254;69603.841411943
0.07296277400106672;2023-04-14 09:50:40.000 UTC;436;511927;115599.80033344;185003.51904641598;3266;69403.718712976
0.07277789482094779;2023-04-16 16:54:08.000 UTC;437;517661;115204.503976072;184900.983260284;3269;69696.479284212
0.0725790681086454;2023-04-19 00:44:47.000 UTC;438;520471;115073.084187927;184798.44064539502;3280;69725.356457468
0.07274930357806361;2023-04-21 10:27:59.000 UTC;439;514130;115378.255920882;184695.89430823398;3291;69317.638387352
0.07268291202929035;2023-04-23 18:34:15.000 UTC;440;516775;115433.382508344;184593.334180722;3306;69159.951672378
0.0726086066918048;2023-04-26 02:29:07.000 UTC;441;521933;115391.682969452;184490.78174340999;3319;69099.098773958
0.07291669817878832;2023-04-28 10:15:33.000 UTC;442;527990;114902.09536701;184388.23584044;3324;69486.14047343
0.0728540653703908;2023-04-30 17:51:27.000 UTC;443;526975;114930.674288755;184285.68934208702;3330;69355.015053332
0.07276866594835542;2023-05-03 01:46:10.000 UTC;444;531342;114993.582146133;184183.133466989;3338;69189.551320856
0.07200860917659169;2023-05-05 11:08:22.000 UTC;445;530793;115015.626839448;184080.590401408;3350;69064.96356196
0.07177944480583692;2023-05-07 20:17:56.000 UTC;446;527221;114917.116838026;183977.94383591402;3362;69060.826997888
0.07280989197333393;2023-05-10 05:30:48.000 UTC;447;533002;114787.713826947;183875.288935961;3370;69087.575109014
0.07298698161305338;2023-05-12 16:11:40.000 UTC;448;539409;114384.272857087;183772.606131504;3380;69388.333274417
0.0728896123830663;2023-05-15 01:35:09.000 UTC;449;539284;114428.186332552;183670.034206185;3396;69241.847873633
0.07285728159769567;2023-05-17 10:46:20.000 UTC;450;538679;114546.331343002;183567.45385741303;3400;69021.122514411
0.07279343774000276;2023-05-19 19:48:41.000 UTC;451;534729;114314.811104197;183464.879734711;3412;69150.068630514
0.0729284793320485;2023-05-22 03:55:41.000 UTC;452;545535;114150.885935948;183362.340239546;3419;69211.454303598
0.0727552479941846;2023-05-24 11:28:40.000 UTC;453;546296;114104.663076697;183259.815091858;3422;69155.152015161
0.0727205664234515;2023-05-26 20:58:55.000 UTC;454;541048;114019.60854135;183157.21705131402;3432;69137.608509964
0.07249773137787206;2023-05-29 04:31:34.000 UTC;455;538984;114061.052657354;183054.668626049;3435;68993.615968695
0.07233474558843422;2023-05-31 12:32:15.000 UTC;456;545730;113969.517241033;182952.01668591698;3439;68982.499444884
0.07233678269409928;2023-06-02 21:25:13.000 UTC;457;544470;115231.214923624;182849.46746696898;3443;67618.252543345
0.07237951490601796;2023-06-05 05:40:22.000 UTC;458;546116;115178.829484648;182746.937739483;3446;67568.108254835
0.07236112341147764;2023-06-07 14:44:58.000 UTC;459;543659;115143.467821188;182644.393066227;3446;67500.925245039
0.07234210771329976;2023-06-09 23:58:05.000 UTC;460;543241;115015.407409276;182541.82370167598;3440;67526.4162924
0.07232138607828674;2023-06-12 11:38:35.000 UTC;461;538853;115155.113257942;182439.243684872;3442;67284.13042693
0.07240481682476975;2023-06-14 20:55:45.000 UTC;462;550837;115122.814738094;182336.713026734;3445;67213.89828864
0.07238489760371607;2023-06-17 03:14:08.000 UTC;463;544282;115061.088077889;182234.18513953598;3447;67173.097061647
0.07238863783222801;2023-06-19 08:50:50.000 UTC;464;547576;115147.577288935;182131.675151119;3449;66984.097862184
0.07234046786061185;2023-06-21 15:07:28.000 UTC;465;547653;114935.072518388;182029.14096595498;3455;67094.068447567
0.07232119490314608;2023-06-23 22:00:19.000 UTC;466;548520;114897.376800791;181926.603657557;3467;67029.226856766
0.0722822864385511;2023-06-26 04:00:26.000 UTC;467;547582;114885.643452974;181824.090464153;3471;66938.447011179
0.07228794932008427;2023-06-28 09:57:18.000 UTC;468;550443;114900.866862609;181721.55386472697;3474;66820.687002118
0.07226486996493015;2023-06-30 15:54:43.000 UTC;469;548147;114930.174590054;181619.028727488;3480;66688.854137434
0.07246460841478719;2023-07-02 21:17:46.000 UTC;470;553517;114727.643844284;181516.527189913;3483;66788.883345629
0.0723006006232338;2023-07-05 02:28:51.000 UTC;471;542839;114125.073289714;181414.037600658;3488;67288.964310944
0.07214907718307778;2023-07-07 07:44:56.000 UTC;472;545753;114013.940032963;181311.54567465;3496;67297.605641687
0.07220442574280173;2023-07-09 13:04:49.000 UTC;473;543700;114193.738316089;181209.04017313902;3504;67015.30185705
0.07212211738693437;2023-07-11 18:08:55.000 UTC;474;549435;114069.651103031;181106.576962916;3508;67036.925859885
0.0718062015547918;2023-07-13 23:25:02.000 UTC;475;544233;113582.061658572;181004.09706744802;3513;67422.035408876
0.07210420989690601;2023-07-16 06:04:49.000 UTC;476;555158;113946.727029195;180901.600577978;3516;66954.873548783
0.07231992926509488;2023-07-18 11:45:38.000 UTC;477;555919;113885.40997134;180799.135881159;3519;66913.725909819
0.07226349315596074;2023-07-20 17:42:40.000 UTC;478;551534;113962.501119581;180696.683544504;3533;66734.182424923
0.07213979498191933;2023-07-22 23:08:30.000 UTC;479;551850;115342.152101787;180594.237713636;3544;65252.085611849
0.07206410729769247;2023-07-25 04:21:10.000 UTC;480;560194;115224.960289993;180491.792128562;3559;65266.831838569
0.07206779941710169;2023-07-27 09:30:26.000 UTC;481;560057;114956.412918855;180389.355014202;3565;65432.942095347
0.07216786710417862;2023-07-29 14:00:35.000 UTC;482;566288;114656.586867061;180286.940798038;3570;65630.353930977
0.07205671801797839;2023-07-31 18:12:23.000 UTC;483;565729;114674.394439368;180184.53534208;3573;65510.140902712
0.07193887611629916;2023-08-02 23:01:15.000 UTC;484;571273;114578.135681621;180082.127260833;3579;65503.991579212
0.07199364731598384;2023-08-05 03:34:05.000 UTC;485;569343;113105.608237459;179979.707323165;3603;66874.099085706
0.07197950464947984;2023-08-07 07:31:41.000 UTC;486;575291;113041.879400611;179877.299948142;3616;66835.420547531
0.07194517773375253;2023-08-09 12:10:31.000 UTC;487;574204;113105.716221534;179774.880852593;3622;66669.164631059
0.0719968973630537;2023-08-11 16:31:23.000 UTC;488;586203;112866.701174631;179672.48802043998;3628;66805.786845809
0.07213934910530999;2023-08-13 20:21:32.000 UTC;489;592805;113147.235834474;179570.106229093;3638;66422.870394619
0.07202574319997636;2023-08-16 00:45:52.000 UTC;490;591447;113164.474253452;179467.72339839902;3642;66303.249144947
0.07199333720624705;2023-08-18 06:34:59.000 UTC;491;583188;115880.410032276;179365.300886116;3648;63484.89085384
0.07185939840709646;2023-08-20 11:01:21.000 UTC;492;588142;112850.804888941;179262.925988709;3656;66412.121099768
0.07191537461112502;2023-08-22 15:31:44.000 UTC;493;586872;112859.821150193;179160.56531850802;3658;66300.744168315
0.07193586560520343;2023-08-24 20:49:48.000 UTC;494;591985;112540.987498755;179058.17092327;3662;66517.183424515
0.071843446482105;2023-08-27 00:41:14.000 UTC;495;592991;112581.851236318;178955.8219254;3668;66373.970689082
0.07170809874920248;2023-08-29 04:47:08.000 UTC;496;595617;112446.350070673;178853.488070715;3673;66407.138000042
0.07175305998296612;2023-08-31 09:11:26.000 UTC;497;594465;112435.889124171;178751.15098564897;3679;66315.261861478
0.07170244329253656;2023-09-02 13:24:42.000 UTC;498;599586;112528.968301461;178648.823339072;3687;66119.855037611
0.0716417080429499;2023-09-04 17:05:40.000 UTC;499;598443;112344.471332725;178546.518832033;3697;66202.047499308
0.0715923006529572;2023-09-06 21:16:14.000 UTC;500;603694;112327.667163506;178444.203055256;3706;66116.53589175
0.07156321078292968;2023-09-09 01:21:05.000 UTC;501;611116;112363.307609944;178341.87688608898;3714;65978.569276145
0.07149128159602695;2023-09-11 05:22:50.000 UTC;502;623328;112125.632762056;178239.592607787;3719;66113.959845731
0.07139012047326494;2023-09-13 10:14:26.000 UTC;503;606053;111893.815064577;178137.306454761;3728;66243.491390184
0.07148072383355561;2023-09-15 14:57:08.000 UTC;504;612908;111971.36939035;178035.029472903;3731;66063.660082553
0.07123392018416856;2023-09-17 19:01:22.000 UTC;505;612158;111831.754843504;177932.76298204297;3731;66101.008138539
0.07134382961946975;2023-09-19 23:38:53.000 UTC;506;618310;111985.104500383;177830.458301596;3739;65845.353801213
0.07118736248066707;2023-09-22 04:15:45.000 UTC;507;617668;111863.5768948;177728.155702505;3747;65864.578807705
0.0716125765835222;2023-09-24 07:56:45.000 UTC;508;622104;111936.923160856;177625.940134752;3752;65689.016973896
0.07143085676086995;2023-09-26 11:40:22.000 UTC;509;619456;111719.603866365;177523.72443726298;3757;65804.120570898
0.07128024488098177;2023-09-28 14:55:41.000 UTC;510;626521;111783.527731308;177421.552515368;3761;65638.02478406
0.07115182146114198;2023-09-30 18:00:07.000 UTC;511;625116;111939.235534966;177319.40725155;3765;65380.171716584
0.07110404939555523;2023-10-02 21:25:39.000 UTC;512;631499;111637.87888104;177217.248163743;3773;65579.369282703
0.07115036391544674;2023-10-05 01:18:08.000 UTC;513;630950;111615.544905959;177115.10236373602;3775;65499.557457777
0.07099493278516579;2023-10-07 03:15:58.000 UTC;514;636493;113551.683935145;177012.961199413;3780;63461.277264268
0.07153134342196314;2023-10-09 04:07:40.000 UTC;515;634808;114814.175958684;176910.8311406;3788;62096.655181916
0.07146027214246554;2023-10-11 05:32:36.000 UTC;516;647962;114727.023621389;176808.67150003999;3806;62081.647878651
0.0719743911751356;2023-10-13 06:50:24.000 UTC;517;644358;117920.988693874;176706.516967585;3833;58785.528273711
0.07206836899172629;2023-10-15 07:52:03.000 UTC;518;646306;118579.35886382;176604.424633955;3840;58025.065770135
0.07187587876044767;2023-10-17 09:06:22.000 UTC;519;648007;119719.864762366;176502.35402216102;3846;56782.489259795
0.07193137238368391;2023-10-19 10:18:35.000 UTC;520;652373;119788.717607331;176400.282713429;3850;56611.565106098
0.07239475592458894;2023-10-21 12:01:14.000 UTC;521;650397;121129.956768464;176298.23757506302;3896;55168.280806599
0.07230438493219406;2023-10-23 14:16:50.000 UTC;522;657179;121013.89142409;176196.18821702802;3910;55182.296792938
0.0721113526523352;2023-10-25 17:52:24.000 UTC;523;658667;120837.395749943;176094.15010605;3917;55256.754356107
0.07107236683212197;2023-10-27 20:56:31.000 UTC;524;666490;121746.629074081;175992.113843966;3927;54245.484769885
0.07142669441488879;2023-10-29 21:58:43.000 UTC;525;666786;121808.224056843;175890.085545178;3932;54081.861488335
0.0713709264643692;2023-10-31 23:56:00.000 UTC;526;673908;122020.425527602;175788.041764502;3935;53767.6162369
0.07117827939248703;2023-11-03 03:48:25.000 UTC;527;673851;121637.888242357;175686.007837918;3941;54048.119595561
0.07178731404961913;2023-11-05 06:29:43.000 UTC;528;679280;122640.083762056;175584.014827364;3952;52943.931065308
0.07153438754241338;2023-11-07 08:24:29.000 UTC;529;682072;122649.104452113;175482.014205967;3957;52832.909753854
0.07157554375087051;2023-11-09 10:38:22.000 UTC;530;690762;122626.650540692;175380.018473617;3960;52753.367932925
0.07139720980129931;2023-11-11 15:07:17.000 UTC;531;695185;122499.630515536;175278.000016526;3968;52778.36950099
0.07116186214041535;2023-11-13 19:38:36.000 UTC;532;703220;122816.426744698;175176.035067752;3978;52359.608323054
0.07049457349904334;2023-11-16 00:13:44.000 UTC;533;702094;122401.110418544;175074.090846767;3980;52672.980428223
0.07100127086123792;2023-11-18 04:42:19.000 UTC;534;709741;123248.65029779;174972.148454841;3991;51723.498157051
0.07052689531417973;2023-11-20 07:15:12.000 UTC;535;708622;122981.517506846;174870.21064558398;3991;51888.693138738
0.07050713339574806;2023-11-22 11:28:14.000 UTC;536;716661;122940.776447749;174768.229535528;4003;51827.453087779
0.07000907843570625;2023-11-24 15:47:40.000 UTC;537;718472;123034.131609271;174666.297308337;3987;51632.165699066
0.06975421907468862;2023-11-26 19:18:25.000 UTC;538;725987;123086.41351819;174564.352442879;3987;51477.938924689
0.06959543426507533;2023-11-28 23:53:02.000 UTC;539;728291;123034.661864773;174462.38975663;3992;51427.727891857
0.06921485362576182;2023-12-01 04:31:55.000 UTC;540;724942;122844.312465755;174360.463410564;4005;51516.150944809
0.06896624656525494;2023-12-03 08:23:41.000 UTC;541;714598;122710.680176761;174258.542141374;4007;51547.861964613
0.06897830803849456;2023-12-05 12:49:55.000 UTC;542;719945;122401.157950771;174156.667993224;4015;51755.510042453
0.06870005525803341;2023-12-07 18:40:24.000 UTC;543;723689;122318.931157172;174054.790046349;4022;51735.858889177
0.06849757930616318;2023-12-10 01:17:22.000 UTC;544;730350;122293.665943858;173952.885139686;4027;51659.219195828
0.06843899568952556;2023-12-12 08:28:18.000 UTC;545;721186;122429.034820016;173850.98179973598;4035;51421.94697972
0.06804814860382583;2023-12-14 15:53:54.000 UTC;546;738300;122274.687342526;173748.885439962;4038;51474.198097436
0.0681098719636963;2023-12-16 22:31:02.000 UTC;547;746874;122372.229480229;173646.690051208;4040;51274.460570979
0.0678505670667778;2023-12-19 05:31:13.000 UTC;548;760240;122264.273199816;173544.556229882;4023;51280.283030066
0.06773495623704573;2023-12-21 12:11:08.000 UTC;549;785758;122232.00881931;173442.250074504;4022;51210.241255194
0.06746526353929376;2023-12-23 18:19:17.000 UTC;550;773630;122122.871881999;173339.504555234;4032;51216.632673235
0.06674700218355555;2023-12-26 00:20:53.000 UTC;551;774444;121275.938211647;173236.75145685198;4038;51960.813245205
0.06665578518290467;2023-12-28 06:24:49.000 UTC;552;778120;121298.48978903;173133.49053899;4044;51835.00074996
0.06633503761239179;2023-12-30 13:06:57.000 UTC;553;773890;121253.52294504;173030.666176103;4049;51777.143231063
0.06597511240860665;2024-01-01 20:23:54.000 UTC;554;781347;121245.494180473;172927.92266462801;4055;51682.428484155
0.06537776653354882;2024-01-04 03:12:34.000 UTC;555;781146;121583.350659513;172825.181051079;4061;51241.830391566
0.06450271713941963;2024-01-06 10:27:53.000 UTC;556;775670;121155.650512234;172722.637699526;4061;51566.987187292
0.0638948294263487;2024-01-08 17:18:08.000 UTC;557;775273;120573.709278175;172620.179907828;4063;52046.470629653
0.06324818442297303;2024-01-10 22:15:38.000 UTC;558;779084;120664.24178162;172517.89574552502;4065;51853.653963905
0.06384019617590825;2024-01-13 02:23:19.000 UTC;559;780508;121086.841982567;172415.716922473;4075;51328.874939906
0.06346989886218335;2024-01-15 07:14:54.000 UTC;560;797401;120605.355552149;172313.485496436;4072;51708.129944287
0.06369032210158027;2024-01-17 11:39:38.000 UTC;561;795379;120839.097920906;172210.853260119;4085;51371.755339213
0.06327040993027962;2024-01-19 13:51:09.000 UTC;562;799444;121042.214318559;172108.228418048;4096;51066.014099489
0.0631989193646657;2024-01-21 15:44:38.000 UTC;563;800306;120901.767410316;172005.48766952;4107;51103.720259204
0.06269706129195199;2024-01-23 17:28:10.000 UTC;564;807169;120494.900300143;171902.91038442898;4116;51408.010084286
0.06224700913284562;2024-01-25 19:19:15.000 UTC;565;808291;120835.114238325;171800.108381341;4127;50964.994143016
0.061558700731230404;2024-01-27 21:19:11.000 UTC;566;812662;120828.439662643;171697.143135945;4126;50868.703473302
0.06261503581573656;2024-01-29 23:15:59.000 UTC;567;817432;121202.241730971;171594.237483507;4130;50391.995752536
0.06173360531883957;2024-02-01 01:16:32.000 UTC;568;823888;120397.146351848;171490.42996125598;4132;51093.283609408
0.06167784512164842;2024-02-03 03:23:03.000 UTC;569;825012;119987.86068996;171387.07114485;4136;51399.21045489
0.06180742709863009;2024-02-05 07:04:33.000 UTC;570;826714;119942.319770264;171284.381316677;4140;51342.061546413
0.06141333987025957;2024-02-07 14:39:03.000 UTC;571;830371;119917.505515119;171181.628982592;4143;51264.123467473
0.0629734442343788;2024-02-09 15:56:18.000 UTC;572;837910;120349.189437498;171079.183716417;4142;50729.994278919
0.06270821552077786;2024-02-11 17:12:35.000 UTC;573;839932;119956.765438546;170977.10228912102;4110;51020.336850575
0.06249776589512321;2024-02-13 19:20:30.000 UTC;574;848168;119639.103747663;170874.816473707;4092;51235.712726044
0.061341629788400194;2024-02-15 21:31:21.000 UTC;575;849724;119618.42948089;170772.670199291;4092;51154.240718401
0.060265572478882985;2024-02-17 23:56:21.000 UTC;576;859255;119505.864133171;170670.694054049;4093;51164.829920878
0.055901094560623255;2024-02-20 02:56:34.000 UTC;577;859447;120095.438152589;170568.795314932;4083;50473.357162343
0.05551604677114532;2024-02-22 05:56:27.000 UTC;578;867869;119961.780595333;170466.94652221398;4084;50505.165926881
0.05552423803573628;2024-02-24 08:55:33.000 UTC;579;868161;120354.973502847;170365.222738006;4102;50010.249235159
0.05489431237492701;2024-02-26 11:04:42.000 UTC;580;873800;120292.66550412;170263.622027349;4104;49970.956523229
0.05487533165040856;2024-02-28 13:20:22.000 UTC;581;868856;119943.644529335;170162.018140475;4112;50218.37361114
0.05479604551610375;2024-03-01 14:58:34.000 UTC;582;874561;119722.133069562;170060.44293514598;4115;50338.309865584
0.05460532768383798;2024-03-03 16:29:12.000 UTC;583;869373;119186.017307367;169958.855265257;4115;50772.83795789
0.05441158261944427;2024-03-05 17:35:55.000 UTC;584;875913;119292.908779046;169856.954900903;4120;50564.046121857
0.054191698214008384;2024-03-07 18:42:37.000 UTC;585;877409;118581.687777341;169754.282426597;4132;51172.594649256
0.053618026534565606;2024-03-09 19:55:31.000 UTC;586;881241;118184.708029475;169651.720485807;4137;51467.012456332
0.05317213475288717;2024-03-11 21:37:21.000 UTC;587;878356;118155.295327667;169548.116680474;4144;51392.821352807
0.0527022669662661;2024-03-14 00:25:07.000 UTC;588;876394;118074.000893434;169444.210945581;4159;51370.210052147
0.05262092978048387;2024-03-16 03:48:14.000 UTC;589;885433;119081.519935185;169338.536997038;4169;50257.017061853
0.05188676159094628;2024-03-18 06:54:33.000 UTC;590;890255;118372.086318307;169231.517127139;4168;50859.430808832
0.05184639085501591;2024-03-20 09:11:21.000 UTC;591;971685;118176.925153493;169123.396722679;4182;50946.471569186
0.05183682333065629;2024-03-22 11:45:51.000 UTC;592;1014046;117509.039088615;169016.617184247;4210;51507.578095632
0.05157070270012538;2024-03-24 15:45:05.000 UTC;593;1039519;118273.290862161;168912.129340952;4215;50638.838478791
0.05149608252781562;2024-03-26 18:55:38.000 UTC;594;1064085;118115.082027485;168807.086901117;4235;50692.004873632
0.051381023901552574;2024-03-28 22:19:43.000 UTC;595;1088076;118136.877729635;168702.199957632;4278;50565.322227997
0.05110214620593068;2024-03-31 03:59:07.000 UTC;596;1094419;118009.616016389;168596.56754257402;4283;50586.951526185
0.04979946423964263;2024-04-02 09:12:24.000 UTC;597;1114238;116937.877525381;168491.376451466;4321;51553.498926085
0.05013816873169374;2024-04-04 16:13:21.000 UTC;598;1135446;118060.112237964;168386.017727189;4435;50325.905489225
0.05003788933237505;2024-04-07 02:33:13.000 UTC;599;1135877;117947.140286706;168280.715030017;4542;50333.574743311
0.049976372901713244;2024-04-09 14:19:30.000 UTC;600;1147274;118997.66604036;168175.18871607998;4548;49177.52267572
0.05010207802852179;2024-04-12 01:20:10.000 UTC;601;1141899;119231.177726387;168070.251605313;4572;48839.073878926
0.04994252813489769;2024-04-14 10:23:07.000 UTC;602;1154155;118500.315522156;167966.748588443;4655;49466.433066287
0.04948632637908294;2024-04-16 17:21:47.000 UTC;603;1156122;118979.126841629;167863.26495013;4657;48884.138108501
0.049429359022294256;2024-04-18 21:54:24.000 UTC;604;1140787;118211.492112742;167760.48079883;4660;49548.988686088
0.049218542597588975;2024-04-21 04:52:56.000 UTC;605;1135848;118282.651363206;167657.780287273;4662;49375.128924067
0.04895660272761987;2024-04-23 12:40:07.000 UTC;606;1146928;118108.629915071;167554.835868595;4670;49446.205953524
0.048656599578977354;2024-04-25 20:39:34.000 UTC;607;1155531;117704.872876986;167451.09789976402;4663;49746.225022778
0.04864041445270573;2024-04-28 05:22:17.000 UTC;608;1158326;117875.724465106;167348.135294678;4671;49472.410829572
0.04850494434232187;2024-04-30 13:47:25.000 UTC;609;1176441;117965.134319414;167245.522935988;4671;49280.388616574
0.04817406465620687;2024-05-02 20:55:47.000 UTC;610;1175973;119021.610510751;167143.112117621;4681;48121.50160687
0.047906115716551644;2024-05-05 04:48:05.000 UTC;611;1161446;118524.080055258;167040.072183666;4683;48515.992128408
0.04768359198015973;2024-05-07 12:30:38.000 UTC;612;1180566;117721.480797905;166937.07308567298;4693;49215.592287768
0.04696343026385352;2024-05-09 19:15:53.000 UTC;613;1175152;117773.097603861;166833.598554156;4699;49060.500950295
0.046750002039722585;2024-05-12 01:05:02.000 UTC;614;1168231;117764.377558794;166730.539939859;4704;48966.162381065
0.04688899662876717;2024-05-14 06:17:40.000 UTC;615;1160799;118068.171712216;166627.116741932;4713;48558.945029716
0.046631044901822225;2024-05-16 11:13:28.000 UTC;616;1171623;119140.26004999;166523.535231199;4707;47383.275181209
0.045666373249441256;2024-05-18 15:57:38.000 UTC;617;1194800;119012.037394684;166420.626988213;4715;47408.589593529
0.045534059120816144;2024-05-20 20:59:21.000 UTC;618;1210682;118948.046974052;166317.853622711;4721;47369.806648659
0.04555879770284089;2024-05-23 02:12:44.000 UTC;619;1175523;118805.691602948;166214.92357334;4726;47409.231970392
0.045768884783465316;2024-05-25 08:45:21.000 UTC;620;1211245;118173.78550413;166111.91135096402;4727;47938.125846834
0.04575877182640322;2024-05-27 15:24:34.000 UTC;621;1218373;118169.288414304;166009.13568212301;4728;47839.847267819
0.0456755622695956;2024-05-29 20:44:30.000 UTC;622;1234285;118120.440697677;165905.158733884;4731;47784.718036207
0.04503597591744221;2024-06-01 00:31:18.000 UTC;623;1236272;118228.58275715;165801.687772502;4736;47573.105015352
0.04496567311515938;2024-06-03 04:32:15.000 UTC;624;1241981;118293.160461813;165698.924182026;4735;47405.763720213
0.044899758661932465;2024-06-05 09:18:03.000 UTC;625;1244645;118131.088448133;165596.110877311;4737;47465.022429178
0.044713244606832354;2024-06-07 14:10:07.000 UTC;626;1252133;118250.825177596;165492.01746429398;4738;47241.192286698
0.04413373232817195;2024-06-09 18:21:01.000 UTC;627;1254359;118580.358123297;165387.757051074;4742;46807.398927777
0.04420312909860945;2024-06-11 23:21:42.000 UTC;628;1262625;118328.380167457;165283.702729066;4741;46955.322561609
0.04416909838610854;2024-06-14 04:27:07.000 UTC;629;1258787;118282.218583256;165179.149231741;4745;46896.930648485
0.043925506414079635;2024-06-16 09:09:47.000 UTC;630;1265037;118684.98240548;165076.57344546;4758;46391.59103998
0.043867992230929874;2024-06-18 14:32:57.000 UTC;631;1208599;118570.03951317;164972.93934761;4758;46402.89983444
0.043628867051218136;2024-06-20 19:56:33.000 UTC;632;1221668;118444.633995191;164868.928670486;4762;46424.294675295
0.043862991302755165;2024-06-23 02:07:00.000 UTC;633;1219946;118712.529802127;164765.708540933;4766;46053.178738806
0.043818988178651895;2024-06-25 08:10:58.000 UTC;634;1232460;118857.763094858;164663.005709077;4768;45805.242614219
0.043415241152349425;2024-06-27 14:27:23.000 UTC;635;1228812;118894.697465011;164559.926915649;4771;45665.229450638
0.04368772139642578;2024-06-29 21:02:25.000 UTC;636;1237697;118608.696220133;164455.479069514;4778;45846.782849381
0.04364599322491495;2024-07-02 03:51:40.000 UTC;637;1234702;118579.127694856;164352.439384854;4781;45773.311689998
0.043522608652709016;2024-07-04 10:41:10.000 UTC;638;1241238;118611.021781665;164249.310461779;4783;45638.288680114
0.04353587808034426;2024-07-06 17:37:02.000 UTC;639;1247231;118573.225843016;164146.814141262;4788;45573.588298246
0.04358188950651125;2024-07-09 00:43:32.000 UTC;640;1251668;118502.731157675;164043.8445441;4791;45541.113386425
0.04360008821598253;2024-07-11 08:37:23.000 UTC;641;1250265;118361.603650639;163941.23517433;4796;45579.631523691
0.04349286603902451;2024-07-13 16:32:55.000 UTC;642;1263123;119211.53042565;163838.512263098;4797;44626.981837448
0.04366588694736299;2024-07-15 23:54:14.000 UTC;643;1266733;119198.225274543;163734.47758089;4800;44536.252306347
0.04295500776401824;2024-07-18 06:54:06.000 UTC;644;1327908;119357.268558998;163631.190820168;4802;44273.92226117
0.043097859782133846;2024-07-20 13:49:50.000 UTC;645;1357570;119310.228013984;163528.265261228;4310;44218.037247244
0.043197531585304844;2024-07-22 19:54:28.000 UTC;646;1371920;119125.98648467;163425.383257697;4315;44299.396773027
0.042830927516739246;2024-07-25 01:26:43.000 UTC;647;1378473;118989.381633824;163322.423696171;4319;44333.042062347
0.04375991086243568;2024-07-27 08:40:34.000 UTC;648;1388312;119019.723845843;163220.01097628498;4324;44200.287130442
0.043651836607833845;2024-07-29 15:10:16.000 UTC;649;1387251;118954.767028294;163116.823161296;4331;44162.056133002
0.04352391365549288;2024-07-31 20:39:45.000 UTC;650;1314570;118782.526684708;163013.46139467502;4344;44230.934709967
0.0443677759749289;2024-08-03 01:43:36.000 UTC;651;1265539;118451.151817614;162911.053176236;4350;44459.901358622
0.04376202575200929;2024-08-05 07:13:07.000 UTC;652;1271888;118605.631049186;162809.433542645;4350;44203.802493459
0.04380844216385642;2024-08-07 10:25:07.000 UTC;653;1275902;118487.177978558;162706.89414490398;4354;44219.716166346
0.04371746709083366;2024-08-09 13:00:08.000 UTC;654;1268830;118521.921372846;162604.385605955;4358;44082.464233109
0.0438905157444536;2024-08-11 15:17:17.000 UTC;655;1258828;118258.170912303;162502.850655519;4362;44244.679743216
0.043799549842194266;2024-08-13 17:49:42.000 UTC;656;1269806;118155.881984339;162401.159581378;4377;44245.277597039
0.043530456715497386;2024-08-15 21:07:23.000 UTC;657;1270576;118282.876858664;162299.669476541;4381;44016.792617877
0.043726033116766407;2024-08-18 00:58:58.000 UTC;658;1245381;118314.609701575;162198.729434153;4378;43884.119732578
0.04384287450981244;2024-08-20 05:15:09.000 UTC;659;1274963;117982.636202091;162097.71137011301;4384;44115.075168022
0.043611467053110926;2024-08-22 09:29:30.000 UTC;660;1196843;118037.475424862;161997.199607007;4402;43959.724182145
0.04347706771735222;2024-08-24 13:36:00.000 UTC;661;1139723;117258.579188459;161896.645065546;4413;44638.065877087
0.041331938761244434;2024-08-26 17:10:57.000 UTC;662;1131457;117445.32089852;161796.209133133;4405;44350.888234613
0.04052745762574293;2024-08-28 20:55:33.000 UTC;663;1093943;117513.646341438;161695.617135999;4402;44181.970794561
0.04045969862518646;2024-08-31 00:52:01.000 UTC;664;1092670;117591.576030652;161595.132715885;4398;44003.556685233
0.0408897531858011;2024-09-02 03:54:20.000 UTC;665;1091676;117536.001234087;161494.951850671;4386;43958.950616584
0.040889217196276875;2024-09-04 08:04:59.000 UTC;666;1095496;117630.080648465;161394.530279736;4388;43764.449631271
0.04077515358043352;2024-09-06 11:41:42.000 UTC;667;1102207;117657.717367032;161294.287722215;4390;43636.570355183
0.04077596879512185;2024-09-08 14:26:20.000 UTC;668;1134975;117612.431159308;161194.286964676;4391;43581.855805368
0.040680736890613634;2024-09-10 18:49:50.000 UTC;669;1134162;117550.30029095;161094.004309905;4393;43543.704018955
0.04071035958683886;2024-09-12 23:34:48.000 UTC;670;1139195;117609.770460256;160993.73984697298;4392;43383.969386717
0.04095777909137282;2024-09-15 04:19:47.000 UTC;671;1140528;117303.225495154;160893.543591297;4392;43590.318096143
0.04080707160457972;2024-09-17 07:44:20.000 UTC;672;1143665;117427.498256332;160793.470442737;4468;43365.972186405
0.040773991646154376;2024-09-19 12:14:43.000 UTC;673;1149406;117345.952698893;160693.21127841598;4476;43347.258579523
0.04081011563243054;2024-09-21 16:41:08.000 UTC;674;1153116;117306.920049822;160593.03398188401;4475;43286.113932062
0.04084135042077685;2024-09-23 21:20:17.000 UTC;675;1160339;117307.312384689;160492.818422933;5382;43185.506038244
0.040994626515351545;2024-09-26 02:19:19.000 UTC;676;1168374;117219.049439007;160392.182152109;5385;43173.132713102
0.04104123424523618;2024-09-28 08:34:41.000 UTC;677;1179380;117219.748988965;160290.230041654;5392;43070.481052689
0.040693250069906164;2024-09-30 13:40:30.000 UTC;678;1186425;117047.078231617;160188.513335376;5402;43141.435103759
0.04077085019493677;2024-10-02 20:01:57.000 UTC;679;1190231;117078.72944656;160086.64842966502;5406;43007.918983105
0.041438867724071723;2024-10-05 02:19:11.000 UTC;680;1192840;116983.814820826;159984.991469594;5407;43001.176648768
0.04166110760620032;2024-10-07 07:00:26.000 UTC;681;1191177;116704.802868419;159883.633449847;5409;43178.830581428
0.04153402525483974;2024-10-09 12:47:27.000 UTC;682;1201003;116756.295797471;159782.19137117;5408;43025.895573699
0.04152382832587048;2024-10-11 19:15:59.000 UTC;683;1196885;116693.272644338;159680.662151001;5410;42987.389506663
0.041452907006072286;2024-10-14 01:44:53.000 UTC;684;1172933;116590.238862653;159578.900740981;5415;42988.661878328
0.041452939099358696;2024-10-16 09:10:45.000 UTC;685;1168109;116644.945759499;159475.97762600798;5415;42831.031866509
0.041447520066708245;2024-10-18 17:35:52.000 UTC;686;1168507;116633.653961226;159372.60068720998;5412;42738.946725984
0.04140180350689618;2024-10-21 01:36:10.000 UTC;687;1166822;116572.485686564;159268.589361704;5413;42696.10367514
0.04195063889325373;2024-10-23 10:14:59.000 UTC;688;1181064;116415.338828375;159162.793890125;5414;42747.45506175
0.04187361301208961;2024-10-25 16:56:51.000 UTC;689;1180928;116401.205110364;159056.336311005;5411;42655.131200641
0.04204282529957835;2024-10-27 23:53:53.000 UTC;690;1186121;116345.444756327;158952.809386655;5415;42607.364630328
0.042135374346013055;2024-10-30 08:52:57.000 UTC;691;1190756;116229.716138808;158848.097374021;5407;42618.381235213
0.04193398728769737;2024-11-01 17:12:51.000 UTC;692;1199799;116045.805589245;158744.44446304502;5407;42698.6388738
0.04236840805869166;2024-11-04 01:40:44.000 UTC;693;1202980;116139.519301374;158641.253159074;5408;42501.7338577
0.04216594475960637;2024-11-06 10:25:43.000 UTC;694;1211466;116198.529809712;158537.72911890398;5411;42339.199309192
0.04212087341747541;2024-11-08 19:31:46.000 UTC;695;1211012;116283.804234691;158433.15227042598;5391;42149.348035735
0.04194201532266186;2024-11-11 01:26:38.000 UTC;696;1210909;116173.113287831;158329.14747882;5037;42156.034190989
0.042088444842048114;2024-11-13 07:04:24.000 UTC;697;1201267;115857.652580774;158223.000948501;5039;42365.348367727
0.041585433363114446;2024-11-15 11:18:25.000 UTC;698;1194743;115888.705205516;158113.465375831;5040;42224.760170315
0.041542376005873904;2024-11-17 16:08:31.000 UTC;699;1191522;115879.156470949;158003.454091401;5028;42124.297620452
0.04174975250300668;2024-11-19 20:41:20.000 UTC;700;1196874;115319.575113161;157891.333095293;5039;42571.757982132
0.041701854950322303;2024-11-22 00:34:35.000 UTC;701;1189391;114722.822116294;157777.293741615;5040;43054.471625321
0.04161882298021889;2024-11-24 04:13:50.000 UTC;702;1204960;114159.593299405;157668.247822468;5043;43508.654523063
0.04155465685788735;2024-11-26 07:57:15.000 UTC;703;1206094;114308.926052264;157561.795390944;5043;43252.86933868
0.041371064123767266;2024-11-28 12:05:57.000 UTC;704;1201770;114220.745964288;157455.305558601;5047;43234.559594313
0.04132216549170256;2024-11-30 15:04:55.000 UTC;705;1218868;114233.087185584;157350.894274954;5048;43117.80708937
0.04112669623929343;2024-12-02 17:43:22.000 UTC;706;1228974;113979.0832883;157247.196481739;5047;43268.113193439
0.04103947203487907;2024-12-04 20:48:17.000 UTC;707;1241067;114078.768282761;157143.440171397;1424;43064.671888636
0.041226326713454206;2024-12-06 23:02:06.000 UTC;708;1238527;114170.270102999;157040.1682499;1421;42869.898146901
0.04113835211437486;2024-12-09 00:39:13.000 UTC;709;1250137;113656.322757797;156938.212757527;1412;43281.88999973
0.041006978254139945;2024-12-11 02:47:17.000 UTC;710;1241388;113818.1791881;156834.72575555398;1418;43016.546567454
0.041214230094495076;2024-12-13 04:55:54.000 UTC;711;1255099;113475.537018687;156730.865182737;1422;43255.32816405
0.040919126442657126;2024-12-15 06:58:41.000 UTC;712;1250235;113934.256802744;156627.752055471;1422;42693.495252727
0.04072496973283112;2024-12-17 08:40:56.000 UTC;713;1255460;113842.073091934;156525.53782936098;1430;42683.464737427
0.04056114616524497;2024-12-19 10:42:38.000 UTC;714;1246418;113794.28218251;156421.290998135;1429;42627.008815625
0.04058898577337746;2024-12-21 12:30:00.000 UTC;715;1260804;113602.211388814;156317.669463533;1430;42715.458074719
0.040555189110998986;2024-12-23 13:51:50.000 UTC;716;1249493;113489.775017804;156215.308553372;1432;42725.533535568
0.04058965747449005;2024-12-25 15:45:46.000 UTC;717;1245120;113602.557991079;156113.62986599898;1437;42511.07187492
0.040628726504759294;2024-12-27 17:04:24.000 UTC;718;1246400;113302.421441978;156011.390257065;1426;42708.968815087
0.04077095647005081;2024-12-29 18:09:27.000 UTC;719;1236048;111009.068378932;155909.378305718;1428;44900.309926786
0.040765548900716986;2024-12-31 19:17:10.000 UTC;720;1230284;111006.307927998;155807.181195529;1425;44800.873267531
0.040174571653755174;2025-01-02 20:25:18.000 UTC;721;1250793;112576.994664908;155704.710686573;1420;43127.716021665
0.040089736667827516;2025-01-04 21:52:36.000 UTC;722;1244067;112440.372416033;155600.82489942;1415;43160.452483387
0.04015302133827939;2025-01-06 23:06:47.000 UTC;723;1258274;112256.05285948;155497.063278363;1409;43241.010418883
0.0401340149341034;2025-01-09 00:10:33.000 UTC;724;1232565;112283.008161833;155392.394328627;1415;43109.386166794
0.040003885681410646;2025-01-11 01:07:35.000 UTC;725;1210801;112337.09445247;155288.492591396;1417;42951.398138926
0.04000403553066209;2025-01-13 01:55:33.000 UTC;726;1197029;112151.49928651;155184.88130690702;1422;43033.382020397
0.03992291944134862;2025-01-15 02:39:59.000 UTC;727;1216599;112107.889496401;155081.90637901;1419;42974.016882609
0.03986489217809123;2025-01-17 03:37:34.000 UTC;728;1207107;111887.99891621;154978.769916457;1419;43090.771000247
0.039676042870599185;2025-01-19 04:13:20.000 UTC;729;1222399;111895.579671719;154871.764380434;1415;42976.184708715
0.039656667088667344;2025-01-21 05:06:21.000 UTC;730;1203742;111654.160248178;154744.941329794;1413;43090.781081616
0.03920502547540179;2025-01-23 05:59:29.000 UTC;731;1195780;111299.503321983;154636.15832116;1413;43336.654999177
0.039180309868436305;2025-01-25 06:48:42.000 UTC;732;1194410;111772.486001023;154525.51867144002;1415;42753.032670417
0.03909464543822009;2025-01-27 07:18:34.000 UTC;733;1215063;111761.94063894;154418.633114997;1413;42656.692476057
0.039174586425043276;2025-01-29 07:41:46.000 UTC;734;1207725;111683.626226057;154312.89901465;1415;42629.272788593
0.0379213897284383;2025-01-31 08:09:51.000 UTC;735;1207002;111941.608424311;154205.56246146798;1416;42263.954037157
0.03783976895147743;2025-02-02 08:24:27.000 UTC;736;1210636;111743.296152901;154101.86349713302;1415;42358.567344232
0.0381221754418551;2025-02-04 08:29:54.000 UTC;737;1234266;111740.5419428;153999.778479528;1414;42259.236536728
0.03799437526073233;2025-02-06 08:17:21.000 UTC;738;1229072;111452.491278558;153896.910428599;1418;42444.419150041
0.037760470766996755;2025-02-08 07:51:02.000 UTC;739;1252554;111358.26916349;153795.145269489;1427;42436.876105999
0.038096721972060266;2025-02-10 07:27:43.000 UTC;740;1252063;111123.41164418;153692.256614945;1426;42568.844970765
0.038400318420798676;2025-02-12 06:59:08.000 UTC;741;1270157;110631.840007834;153588.140529702;1425;42956.300521868
0.03784696552538172;2025-02-14 06:33:12.000 UTC;742;1260614;110508.546170183;153490.680549498;1429;42982.134379315
0.03787435045011891;2025-02-16 06:05:38.000 UTC;743;1272110;110842.604400274;153393.267389335;1395;42550.662989061
0.0376683619543326;2025-02-18 05:42:44.000 UTC;744;1281286;110870.4483847;153295.890803227;1366;42425.442418527
0.03762407433287068;2025-02-20 05:14:55.000 UTC;745;1286017;110776.055846075;153198.556327285;1331;42422.50048121
0.03768710854522777;2025-02-22 04:45:22.000 UTC;746;1248754;110104.218260618;153101.250032231;1339;42997.031771613
0.03765740036079197;2025-02-24 04:16:02.000 UTC;747;1260436;110209.517029629;153003.973800407;1332;42794.456770778
0.037618966143526285;2025-02-26 03:45:53.000 UTC;748;1255798;110015.139805624;152906.717040944;1338;42891.57723532
0.03742088472524858;2025-02-28 03:15:43.000 UTC;749;1252486;109757.638650069;152809.48772544198;1341;43051.849075373
0.03720856380576943;2025-03-02 02:44:20.000 UTC;750;1234076;109296.342049794;152712.29723340698;1332;43415.955183613
0.0368160474661916;2025-03-04 02:15:06.000 UTC;751;1261657;108762.401374495;152615.123070904;1335;43852.721696409
0.03668261111857174;2025-03-06 01:52:42.000 UTC;752;1251862;109204.936887555;152517.963790292;1334;43313.026902737
0.03665786255900671;2025-03-08 01:31:54.000 UTC;753;1269168;109259.05845912;152420.83241276199;1345;43161.773953642
0.03639881247418314;2025-03-10 01:10:44.000 UTC;754;1263334;109385.67068932;152323.741094369;1354;42938.070405049
0.03645922310780543;2025-03-12 00:49:08.000 UTC;755;1276512;109299.218099722;152226.676556563;1339;42927.458456841
0.03619891341467751;2025-03-14 00:21:40.000 UTC;756;1252030;108999.572966344;152129.637225614;1371;43130.06425927
0.035866419770530095;2025-03-16 00:08:31.000 UTC;757;1258451;108824.412667451;152032.627089401;1343;43208.21442195
0.0363046728350135;2025-03-17 23:58:29.000 UTC;758;1246985;109021.782372926;151935.64595087798;1362;42913.863577952
0.0361473168334512;2025-03-19 23:56:16.000 UTC;759;1267107;109153.096461363;151838.67866098002;1360;42685.582199617
0.03616805378997631;2025-03-21 23:54:36.000 UTC;760;1268876;109049.408676743;151741.759538196;1374;42692.350861453
0.036474269540476556;2025-03-23 23:50:40.000 UTC;761;1281766;108868.417215666;151644.86126079102;1334;42776.444045125
0.03619351579477393;2025-03-25 23:45:18.000 UTC;762;1275035;108848.053929033;151547.985231127;1352;42699.931302094
0.036406743509592124;2025-03-27 23:37:33.000 UTC;763;1294239;109166.659687278;151451.142109631;1347;42284.482422353
0.03666199322342222;2025-03-29 23:35:48.000 UTC;764;1262978;109051.838748452;151354.32694530202;1334;42302.48819685
0.036779774874370154;2025-03-31 23:44:14.000 UTC;765;1268881;109152.325445601;151257.542814763;1316;42105.217369162
0.036831107300179224;2025-04-03 00:04:01.000 UTC;766;1268818;109003.012131413;151160.781964348;1319;42157.769832935
0.03683767652612627;2025-04-05 00:00:19.000 UTC;767;1270583;109106.269026442;151064.054129972;1322;41957.78510353
0.03703336167810905;2025-04-06 23:55:14.000 UTC;768;1240170;108785.424029877;150967.35555702;1323;42181.931527143
0.0369522565496346;2025-04-08 23:44:04.000 UTC;769;1250026;108649.54871378;150870.677130403;1343;42221.128416623
0.03685364210097841;2025-04-10 23:27:44.000 UTC;770;1232563;108497.966097619;150774.02528428;1327;42276.059186661
0.03708871356635431;2025-04-12 23:14:47.000 UTC;771;1244873;108461.0551073;150677.398238052;1317;42216.343130752
0.03698062223199163;2025-04-14 23:01:38.000 UTC;772;1233675;108619.839363158;150580.806598422;1316;41960.967235264
0.036841555848222754;2025-04-16 22:51:48.000 UTC;773;1236456;108595.525377341;150484.236782022;1316;41888.711404681
0.03691114804400115;2025-04-18 22:26:48.000 UTC;774;956601;108796.587471431;150387.706741725;1334;41591.119270294
0.03688359929075977;2025-04-20 21:50:21.000 UTC;775;961447;108703.637844079;150291.204684648;1316;41587.566840569
0.036862896974029453;2025-04-22 21:15:51.000 UTC;776;939719;108692.960659712;150194.724973431;1337;41501.764313719
0.036677307148457745;2025-04-24 20:53:36.000 UTC;777;944203;108269.046316009;150098.26438886998;1332;41829.218072861
0.03682523771318251;2025-04-26 20:24:27.000 UTC;778;934279;107905.029245575;150001.829625885;1333;42096.80038031
0.03689807388632147;2025-04-28 19:56:17.000 UTC;779;946489;108110.768237955;149905.43017553;1325;41794.661937575
0.0366693844931535;2025-04-30 19:23:26.000 UTC;780;932596;108132.609090425;149809.063597669;1327;41676.454507244
0.03698798332525445;2025-05-02 18:48:09.000 UTC;781;940315;107944.828225915;149712.721890717;1326;41767.893664802
0.03685874708817371;2025-05-04 18:04:08.000 UTC;782;929984;108134.358914859;149616.416855224;1323;41482.057940365
0.03683130818906621;2025-05-06 17:20:47.000 UTC;783;942108;107974.650950704;149520.136480239;1319;41545.485529535
0.036772817809802225;2025-05-08 16:51:08.000 UTC;784;914788;107885.10934921;149423.880017491;1318;41538.770668281
0.03662349197333723;2025-05-10 16:10:25.000 UTC;785;924492;107390.24575188;149327.65163114498;1308;41937.405879265
0.03671888496866148;2025-05-12 15:30:43.000 UTC;786;911677;106855.949720105;149231.458146608;1306;42375.508426503
0.03635030188987357;2025-05-14 15:07:05.000 UTC;787;924114;107307.501711374;149135.302978904;1297;41827.80126753
0.035957621013074086;2025-05-16 14:38:16.000 UTC;788;938132;107860.832985871;149039.188941939;1240;41178.355956068
0.035959020659447664;2025-05-18 14:04:30.000 UTC;789;958279;107961.1429891;148943.103460957;1213;40981.960471857
0.03589651746828522;2025-05-20 13:30:45.000 UTC;790;953342;108008.82741201;148847.046854295;1235;40838.219442285
0.03611729390277262;2025-05-22 12:53:53.000 UTC;791;946396;107651.954337401;148751.023582679;1197;41099.069245278
0.035809418944724586;2025-05-24 12:17:12.000 UTC;792;946004;107936.837766519;148655.03091479;1186;40718.193148271
0.03567803520143798;2025-05-26 11:35:24.000 UTC;793;967074;107983.064410251;148559.080283641;1183;40576.01587339
0.03564492785958759;2025-05-28 10:46:26.000 UTC;794;946132;107917.160430411;148463.154536389;1181;40545.994105978
0.0353278951558358;2025-05-30 10:02:42.000 UTC;795;949190;107509.460054841;148367.25630448;1184;40857.796249639
0.034926552548507295;2025-06-01 09:16:57.000 UTC;796;956131;107706.208217051;148271.390787583;1179;40565.182570532
0.034907251816164;2025-06-03 08:27:39.000 UTC;797;958971;107555.395896904;148175.549870953;1169;40620.153974049
0.03224809160955481;2025-06-05 07:35:41.000 UTC;798;954704;107707.407978561;148079.738041517;1169;40372.330062956
0.032311508629251834;2025-06-07 06:41:31.000 UTC;799;948584;107798.475366623;147983.950479634;1182;40185.475113011
0.032138243673576414;2025-06-09 06:13:59.000 UTC;800;929653;107703.700175821;147888.205367566;1173;40184.505191745
0.032244734596948835;2025-06-11 05:52:19.000 UTC;801;937122;107447.645895475;147792.484769396;1169;40344.838873921
0.03254222934662085;2025-06-13 05:56:01.000 UTC;802;927686;107203.370698968;147696.78577068402;1164;40493.415071716
0.03258918908113033;2025-06-15 05:59:10.000 UTC;803;925972;107382.886778262;147601.13073191998;1158;40218.243953658
0.03264180174836764;2025-06-17 06:00:35.000 UTC;804;907200;107437.774327047;147505.50044822798;1129;40067.726121181
0.0327122056557439;2025-06-19 06:07:13.000 UTC;805;921832;107462.751680694;147409.901085417;1130;39947.149404723
0.032135601233766416;2025-06-21 06:19:18.000 UTC;806;903282;107497.268495252;147314.33766972402;1112;39817.069174472
0.032196253321603724;2025-06-23 06:38:56.000 UTC;807;908927;107482.791330099;147218.807861984;1105;39736.016531885
0.03244565291575307;2025-06-25 06:58:38.000 UTC;808;885548;106887.853881235;147123.301238399;1115;40235.447357164
0.033104363281288414;2025-06-27 06:55:39.000 UTC;809;864374;106548.510646264;147027.819484392;1135;40479.308838128
0.033466955195642786;2025-06-29 06:36:07.000 UTC;810;1016367;106747.301191853;146932.389737316;1096;40185.088545463
0.0334851812932737;2025-07-01 06:05:57.000 UTC;811;1046818;106662.947927173;146836.989148815;1094;40174.041221642
0.033021655119734386;2025-07-03 05:34:57.000 UTC;812;1018216;107297.826498055;146741.608335202;1069;39443.781837147
0.03300725323525789;2025-07-05 04:57:35.000 UTC;813;1033318;107570.871977201;146646.268125294;1052;39075.396148093
0.03306067016349484;2025-07-07 04:41:49.000 UTC;814;1021331;107573.59326772;146550.944374915;1042;38977.351107195
0.03300392859580401;2025-07-09 04:28:17.000 UTC;815;1026093;107493.890498397;146455.651526179;1045;38961.761027782
0.03291442585445346;2025-07-11 03:52:43.000 UTC;816;1025807;107329.698952019;146360.387860088;1047;39030.688908069
0.032535068590770495;2025-07-13 03:22:46.000 UTC;817;1032506;107549.514833476;146265.156131449;1045;38715.641297973
0.03254474830342774;2025-07-15 02:51:20.000 UTC;818;1017008;107323.112707172;146169.954877197;1070;38846.842170025
0.03247615175738413;2025-07-17 02:21:17.000 UTC;819;1023882;107295.930062975;146074.782220836;1047;38778.852157861
0.03236049294201414;2025-07-19 01:51:27.000 UTC;820;1010522;107085.0550981;145979.616233927;1052;38894.561135827
0.032685967713451836;2025-07-21 01:18:13.000 UTC;821;968884;106886.207343195;145884.514728135;1039;38998.30738494
0.03499165168142294;2025-07-23 00:47:31.000 UTC;822;976471;106572.922267187;145789.426341488;1044;39216.504074301
0.03264902369022888;2025-07-25 00:26:05.000 UTC;823;949706;105554.130674347;145694.36928075;1054;40140.238606403
0.032768986869586784;2025-07-27 00:14:45.000 UTC;824;947602;105454.577481906;145599.35380258202;1068;40144.776320676
0.03303576011810702;2025-07-29 00:08:27.000 UTC;825;957327;105155.768903703;145504.36291704;1063;40348.594013337
0.032763159844094863;2025-07-31 00:04:30.000 UTC;826;948089;105508.238474839;145409.395527032;1067;39901.157052193
0.03287773726625346;2025-08-01 23:48:14.000 UTC;827;942514;105698.218328059;145314.469955707;1098;39616.251627648
0.032918577076111614;2025-08-03 23:22:39.000 UTC;828;935507;105897.576813596;145219.586133882;1075;39322.009320286
0.03293147166563091;2025-08-05 23:04:10.000 UTC;829;946789;105734.131974348;145124.716822024;1086;39390.584847676
0.032960455183554935;2025-08-07 22:54:33.000 UTC;830;938016;105403.514863737;145029.887390871;1091;39626.372527134
0.03366919106056426;2025-08-09 22:40:16.000 UTC;831;905643;104866.313785867;144935.08848286298;1087;40068.774696996
0.03315213432959372;2025-08-11 21:36:47.000 UTC;832;1015233;105378.109861239;144840.33002153202;1082;39462.220160293
0.03306290221455571;2025-08-13 20:49:01.000 UTC;833;1025332;105446.020244028;144745.601265868;1082;39299.58102184
0.03316321850725879;2025-08-15 20:06:13.000 UTC;834;1011537;104949.746642444;144650.901804814;1076;39701.15516237
0.03308113665975059;2025-08-17 19:14:09.000 UTC;835;1018299;105176.148634943;144556.256305415;1060;39380.107670472
0.03312722069259508;2025-08-19 18:23:39.000 UTC;836;1010068;105148.222476231;144461.636388779;1061;39313.413912548
0.03314827835658186;2025-08-21 17:40:18.000 UTC;837;1016790;104898.870108798;144367.04223563;1053;39468.172126832
0.03288784624182028;2025-08-23 16:56:00.000 UTC;838;1010853;104719.744645955;144272.48895831;1052;39552.744312355
0.032771761222929;2025-08-25 16:10:21.000 UTC;839;1017226;104799.914360567;144177.974670704;1046;39378.060310137
0.03264066248016876;2025-08-27 15:26:36.000 UTC;840;986365;104622.20255287;144083.488547455;1038;39461.285994585
0.032950906925799224;2025-08-29 14:47:01.000 UTC;841;995775;104258.192796472;143989.034771773;1036;39730.841975301
0.03288636355438464;2025-08-31 14:11:37.000 UTC;842;959420;103662.857883005;143894.632606744;1030;40231.774723739
0.031819194625144834;2025-09-02 13:39:24.000 UTC;843;998450;104620.842014118;143800.262097954;1023;39179.420083836
0.031766504275952234;2025-09-04 13:10:32.000 UTC;844;1005390;104808.763208415;143705.924533793;1026;38897.161325378
0.0319668557704619;2025-09-06 13:03:13.000 UTC;845;996424;104429.19135443;143611.627181616;1007;39182.435827186
0.031929772636603834;2025-09-08 13:17:52.000 UTC;846;993427;104746.848160407;143517.36759061;1015;38770.519430203
0.03199681601990413;2025-09-10 13:28:27.000 UTC;847;1005886;104591.284359421;143423.12981789198;991;38831.845458471
0.03300432329213546;2025-09-12 13:23:28.000 UTC;848;998587;106418.336272678;143328.919108323;1001;36910.582835645
0.032428855980711456;2025-09-14 12:43:50.000 UTC;849;1001138;106635.503138446;143234.748946013;999;36599.245807567
0.03213253792890905;2025-09-16 12:03:00.000 UTC;850;988366;107003.778659766;143140.600539304;981;36136.821879538
0.031799498264521775;2025-09-18 11:29:02.000 UTC;851;991064;107153.32430972;143046.487459673;974;35893.163149953
0.03154214376799362;2025-09-20 11:00:05.000 UTC;852;984603;107279.213022527;142952.412449682;973;35673.199427155
0.03118092957095523;2025-09-22 10:28:30.000 UTC;853;997917;107154.564059559;142858.37662878798;973;35703.812569229
0.030845828090962497;2025-09-24 10:06:17.000 UTC;854;987443;107123.904626948;142764.362247733;965;35640.457620785
0.030833384835742713;2025-09-26 09:36:39.000 UTC;855;994179;107096.477959139;142670.385753398;967;35573.907794259
0.030851422588227498;2025-09-28 09:03:11.000 UTC;856;990765;106893.259039085;142576.456774653;976;35683.197735568
0.03035013098081058;2025-09-30 08:33:57.000 UTC;857;997293;106870.532926771;142482.553662839;976;35612.020736068
0.03050861833855937;2025-10-02 07:55:40.000 UTC;858;982223;106650.568795423;142388.674000683;981;35738.10520526
0.030861446594678852;2025-10-04 07:22:47.000 UTC;859;1000434;106651.472138062;142294.830582101;978;35643.358444039
0.03125965435815717;2025-10-06 06:49:37.000 UTC;860;985496;106090.542030456;142201.031200253;980;36110.489169797
0.03136608895798166;2025-10-08 06:22:23.000 UTC;861;987149;105851.560881002;142107.258193276;975;36255.697312274
0.03137814049731827;2025-10-10 05:53:49.000 UTC;862;978971;105951.633222065;142013.514135539;972;36061.880913474
0.031257604065377094;2025-10-12 05:34:34.000 UTC;863;998657;105953.316351427;141919.781442036;963;35966.465090609
0.03125711508367677;2025-10-14 05:13:42.000 UTC;864;974258;105633.245765623;141826.096288628;969;36192.850523005
0.03159651989569268;2025-10-16 04:53:48.000 UTC;865;981267;105157.597944277;141732.444243939;971;36574.846299662
0.03115430031360448;2025-10-18 04:35:37.000 UTC;866;966295;104943.458519225;141638.817125482;965;36695.358606257
0.03132139798684816;2025-10-20 04:19:42.000 UTC;867;970676;103611.476504877;141545.244007912;962;37933.767503035
0.031421407573209104;2025-10-22 04:09:11.000 UTC;868;970294;103499.330810965;141451.691345716;958;37952.360534751
0.03223536106186692;2025-10-24 03:53:55.000 UTC;869;974492;103222.44265658;141358.184199408;953;38135.741542828
0.03217462260644666;2025-10-26 03:32:26.000 UTC;870;962920;102748.593157054;141264.721579612;949;38516.128422558
0.03232065831940858;2025-10-28 03:10:26.000 UTC;871;969650;102680.486285942;141171.290132822;938;38490.80384688
0.03243542351538025;2025-10-30 02:55:05.000 UTC;872;962494;102513.585829128;141077.879543362;924;38564.293714234
0.032361552013945166;2025-11-01 03:10:53.000 UTC;873;961666;102477.159376579;140984.501485295;916;38507.342108716
0.032212837028814736;2025-11-03 03:14:49.000 UTC;874;956742;102702.222059927;140891.17107955198;910;38188.949019625
0.03201090069868069;2025-11-05 03:22:10.000 UTC;875;958671;102773.974558938;140797.85452709201;904;38023.879968154
0.031718710859604;2025-11-07 03:25:28.000 UTC;876;951688;103202.475461235;140704.589619493;884;37502.114158258
0.03140531027424855;2025-11-09 03:27:46.000 UTC;877;962766;103370.307363943;140611.36709544298;891;37241.0597315
0.031512971233376444;2025-11-11 03:29:56.000 UTC;878;958295;103265.63986988;140518.175441887;881;37252.535572007
0.0314224189678761;2025-11-13 03:36:17.000 UTC;879;961766;103198.716473068;140425.004119671;867;37226.287646603
0.03166679451705983;2025-11-15 03:40:03.000 UTC;880;960663;103040.431819512;140331.870443239;871;37291.438623727
0.03162173124048372;2025-11-17 03:22:34.000 UTC;881;967863;102956.373588627;140238.78706786002;864;37282.413479233
0.031963684862161175;2025-11-19 03:03:11.000 UTC;882;958476;102626.448973572;140145.72602566401;872;37519.277052092
0.03206019794882092;2025-11-21 02:41:22.000 UTC;883;970552;102038.645036042;140052.690744453;863;38014.045708411
0.03204120258211832;2025-11-23 02:09:39.000 UTC;884;962381;102097.050994525;139959.690709253;867;37862.639714728
0.03168146466600932;2025-11-25 01:34:13.000 UTC;885;969973;102414.306021573;139866.733458512;852;37452.427436939
0.03133511375415565;2025-11-27 00:22:47.000 UTC;886;967184;102057.573285313;139773.808177358;858;37716.234892045
0.03187172721291051;2025-11-28 22:54:36.000 UTC;887;970229;102388.866279337;139680.924339057;852;37292.05805972
0.03196703582914022;2025-11-30 21:29:25.000 UTC;888;968956;102336.344363929;139588.081738165;855;37251.737374236
0.03188440741671707;2025-12-02 20:07:52.000 UTC;889;980763;102180.045684399;139495.260351722;840;37315.214667323
0.03248733158983896;2025-12-04 18:46:08.000 UTC;890;972288;101835.05064092;139402.473803915;825;37567.423162995
0.03232130893341301;2025-12-06 17:28:00.000 UTC;891;978872;101973.284235444;139309.728360667;823;37336.444125223
0.03271420345764078;2025-12-08 16:18:11.000 UTC;892;976474;101864.728285827;139217.013212829;813;37352.284927002
0.032856558606223045;2025-12-10 15:07:45.000 UTC;893;984135;101777.347880777;139124.329858551;811;37346.981977774
0.033104424107592303;2025-12-12 13:55:11.000 UTC;894;980295;101391.512104981;139031.680430162;806;37640.168325181
0.03317437297348418;2025-12-14 12:39:58.000 UTC;895;991971;101383.807780067;138939.078935002;809;37555.271154935
0.03291071376786073;2025-12-16 11:24:07.000 UTC;896;986073;101587.571857563;138846.506230194;804;37258.934372631
0.032859539311403105;2025-12-18 10:17:56.000 UTC;897;993442;101580.911883275;138753.969650876;805;37173.057767601
0.032862262221906885;2025-12-20 09:15:40.000 UTC;898;993433;101534.985973142;138661.46564901;804;37126.479675868
0.03241616639138649;2025-12-22 08:14:59.000 UTC;899;996964;102777.799476554;138569.009351525;807;35791.209874971
0.0323157322113741;2025-12-24 07:21:59.000 UTC;900;993692;102754.546756693;138476.571294758;809;35722.024538065
0.03230239978609819;2025-12-26 06:29:19.000 UTC;901;1003964;102580.098403183;138384.172941817;808;35804.074538634
0.03210704051180184;2025-12-28 05:37:36.000 UTC;902;993782;102667.473331782;138291.81701107102;807;35624.343679289
0.03208266573209566;2025-12-30 04:49:27.000 UTC;903;1003614;102560.743606372;138199.488570111;805;35638.744963739
0.0320870135030185;2026-01-01 04:05:25.000 UTC;904;1003452;102458.828244838;138107.192638322;800;35648.364393484
0.031966678353631844;2026-01-03 03:15:21.000 UTC;905;1008751;102510.89970496;138014.930165187;800;35504.030460227
0.03200444988083205;2026-01-05 02:53:29.000 UTC;906;1007651;102510.631769873;137922.695090988;798;35412.063321115
0.03197276254166112;2026-01-07 02:35:12.000 UTC;907;1017442;102394.538437561;137830.47825813;796;35435.939820569
0.03200912180198622;2026-01-09 02:22:06.000 UTC;908;1013446;102350.285784157;137738.297186253;799;35388.011402096
0.03215164280820291;2026-01-11 01:50:00.000 UTC;909;1019680;102199.644686379;137646.16541816702;795;35446.520731788
0.032103216134318394;2026-01-13 01:06:36.000 UTC;910;1019386;102147.377653797;137554.058477497;802;35406.6808237
0.03214407956610434;2026-01-15 00:19:15.000 UTC;911;1022163;102038.823092549;137461.967668503;798;35423.144575954
0.03208895992645808;2026-01-16 23:47:39.000 UTC;912;1016346;101918.516983769;137369.909784787;800;35451.392801018
0.032442780271285464;2026-01-18 23:17:35.000 UTC;913;1028947;101937.918536665;137277.888252709;794;35339.969716044
0.03244583613156177;2026-01-20 23:00:19.000 UTC;914;1021212;101885.04807809;137185.89341532;799;35300.84533723
0.03281606451624858;2026-01-22 22:48:40.000 UTC;915;1028670;101707.504823099;137093.922381979;793;35386.41755888
0.03329302800068072;2026-01-24 22:44:47.000 UTC;916;1025210;101343.364522398;137001.993510296;800;35658.628987898
0.0331643746614927;2026-01-26 22:54:19.000 UTC;917;1029192;101360.920414351;136910.075905844;800;35549.155491493
0.03328720590770601;2026-01-28 23:03:34.000 UTC;918;1029968;101152.831043369;136818.19516495802;804;35665.364121589
0.03308917938857584;2026-01-30 23:01:44.000 UTC;919;1039453;101050.616288079;136726.32145047502;796;35675.705162396
0.03301549027718386;2026-02-01 22:39:47.000 UTC;920;1032941;101166.388455067;136634.498427215;797;35468.109972148
0.032844305614911154;2026-02-03 22:11:56.000 UTC;921;1038279;100945.162558651;136542.70122051402;793;35597.538661863
0.033036426417848444;2026-02-05 21:25:51.000 UTC;922;1035372;100634.81198102;136450.941456127;798;35816.129475107
0.03295433776686034;2026-02-07 20:29:21.000 UTC;923;1039655;100495.58545582;136359.22333615;792;35863.63788033
0.03304126227731805;2026-02-09 19:32:36.000 UTC;924;1038061;100301.919920269;136267.568906275;800;35965.648986006
0.03303663798032246;2026-02-11 18:43:37.000 UTC;925;1045148;100062.169863147;136175.940372663;793;36113.770509516
0.03276650255834396;2026-02-13 17:36:31.000 UTC;926;1044040;100152.180517699;136084.357278546;804;35932.176760847
0.03293063783251245;2026-02-15 16:27:09.000 UTC;927;1052644;99872.200946637;135992.825808531;794;36120.624861894
0.03295148623420893;2026-02-17 15:24:31.000 UTC;928;1055309;99739.821409708;135901.312124721;797;36161.490715013
0.03272685408341672;2026-02-19 14:34:17.000 UTC;929;1053355;99805.23646894;135809.844733304;791;36004.608264364
0.032767504107894536;2026-02-21 13:47:30.000 UTC;930;1048026;99801.887864513;135718.404260759;800;35916.516396246
0.03256588792285777;2026-02-23 12:56:15.000 UTC;931;1107783;99497.892780881;135626.995894859;794;36129.103113978
0.0326416502329615;2026-02-25 12:24:03.000 UTC;932;1113217;99390.327649246;135535.610195261;800;36145.282546015
0.03217964045890625;2026-02-27 11:46:36.000 UTC;933;1131061;99264.500079339;135444.25548709702;792;36179.755407758
0.03252960159389849;2026-03-01 11:01:17.000 UTC;934;1153729;99481.186223141;135352.933109542;790;35871.746886401
0.032197942507398734;2026-03-03 10:30:47.000 UTC;935;1168844;99467.47724509;135261.6508434;781;35794.17359831
